East,North,Value
651889.4242129097,6133602.9279815685,8.424482854939729
651887.1689090085,6133602.8504365105,18.04383094529947
651885.1602789542,6133602.781373914,24.232568729739086
651883.1319042934,6133602.773512401,10.954318525162874
651881.0020622988,6133602.638405127,7.209787004689516
651900.7060452905,6133603.161209226,41.59812625893054
651898.4331218521,6133603.083052544,10.834707829761118
651896.2119944727,6133603.037617573,11.940353739810531
651893.9369458291,6133603.021269172,11.354520740880622
651891.6795167901,6133603.005527777,27.868849435841753
651912.0001839257,6133603.549586525,5.275164841217386
651909.7624997129,6133603.472635842,9.018331700657791
651907.4708941127,6133603.424771581,7.553361934661505
651905.1979707526,6133603.346611416,4.38635250448494
651902.9437295854,6133603.238155318,3.8094082436345325
651613.9676612448,6133551.60433902,0.007142955496805463
651932.2316901516,6133604.121611795,19.220672819689675
651930.0468647396,6133604.046468818,28.49269623579769
651927.9159608157,6133603.94224188,11.466963892298493
651925.714578602,6133603.835592089,10.822093935888962
651881.8340787776,6133600.501245299,16.121527613854532
651881.8037990895,6133598.303498618,9.976471276712932
651883.0139706465,6133600.046780157,14.960176486324867
651885.0253461299,6133600.549089346,16.148402830233216
651887.0868359106,6133600.619969311,9.696199406728983
651922.8954489203,6133603.738637775,9.84305414581563
651920.8142152037,6133603.72894108,9.065848951940326
651918.6811856098,6133603.68652456,11.715012549963806
651916.4424386636,6133603.64047347,5.496276811286312
651914.2213112891,6133603.59502944,3.257986832373399
651900.5834266975,6133601.0840448355,6.380073096654392
651902.608614559,6133601.184623294,6.1932866545494605
651904.6535472728,6133601.2240026025,8.78574920136594
651906.7337191369,6133601.264594648,7.901633265665817
651908.8138910127,6133601.305187672,6.561720544959557
651931.8997772557,6133601.975368389,22.199322144588173
651934.0151883045,6133602.017185275,9.56267162763982
651936.1274107121,6133602.151712107,13.187998162748245
651938.1738560712,6133601.634247323,0.11541835835457778
651939.7401587132,6133600.203022357,0.017162763981997294
651909.8284933466,6133598.988674033,1.2162326306927265
651907.676779367,6133598.976559939,3.1694682788845876
651905.49195161,6133598.90142915,4.439316105655745
651903.3423629912,6133598.8275112035,2.827540777546974
651901.2093312939,6133598.785103158,6.177709847984137
651921.341404533,6133601.73600213,9.476956161678155
651923.4899290847,6133601.8408318395,10.161020166493564
651925.6032144515,6133601.944450655,7.144947164258962
651927.7341193381,6133602.048676464,5.594802879016775
651929.8174796748,6133601.996570446,22.82545567384257
651889.1328312139,6133600.628438448,13.68162433512731
651891.2130031293,6133600.669023179,13.382111974003084
651894.4363219679,6133600.810794641,13.150783487552324
651896.513306055,6133600.944090821,10.739661032952506
651898.5384939786,6133601.044667411,9.161326047272842
651910.8598864686,6133601.313666874,8.03187848172977
651912.8861369521,6133601.383347065,4.388995766846064
651914.9818029595,6133601.486354876,2.9963899183268814
651917.0432925328,6133601.557248831,2.986751231391433
651919.08716252,6133601.627537806,7.214298992068738
651920.6282320791,6133599.391010851,6.0596728157555155
651918.4807690971,6133599.255279574,3.9250724868599125
651916.3135609683,6133599.180749372,1.463322337361911
651914.1629096691,6133599.137729136,0.802199390992352
651912.0298779596,6133599.095315864,4.181788586221005
651931.2560258148,6133599.663702259,23.103957172756743
651929.1406136814,6133599.6218867125,13.250329977496616
651927.007581982,6133599.579466203,12.23816949532622
651924.8756130984,6133599.506143747,18.244571353822426
651922.741518617,6133599.4946282795,8.341054118276524
651940.6267779567,6133602.1208294695,0.0021637868630598306
651939.7193504113,6133600.295125264,0.012724542064016619
651937.6449416965,6133599.5740461685,2.872218058571743
651935.5263407876,6133599.624936498,10.278909667799704
651933.3879946731,6133599.737027798,20.160358736191107
651899.0752369838,6133598.773599125,6.8724329619488245
651896.9774444819,6133598.732404851,9.737004001038617
651894.845475428,6133598.659096897,3.2777805644729803
651892.7487455143,6133598.587001649,7.002555235577377
651890.6333334384,6133598.545204549,1.1374388238441444
651887.7945493669,6133595.94149608,4.843132828974286
651889.907837528,6133596.045097766,1.2622868669939886
651892.0761095565,6133596.088712003,4.797164652377805
651894.225699418,6133596.162624444,6.4439171033581975
651896.3576696718,6133596.235932078,8.43231428807478
651888.5366035034,6133598.473111302,7.2211468857205805
651886.4969824331,6133598.279224554,4.740328364491864
651884.4045024896,6133598.0835213335,7.618705839077204
651882.4274788774,6133598.634337113,11.64765238960753
651881.7223425715,6133596.568085123,3.6542425959147704
651898.4720203187,6133596.308634884,7.487464789286501
651900.5666260915,6133596.442538795,16.530163680640797
651902.6996589092,6133596.484946513,3.172652487961477
651904.8316290748,6133596.558258241,3.1531292292197777
651906.9822814884,6133596.601273912,3.126856430774557
651909.1329339134,6133596.644290631,1.7750797650520882
651911.2638413446,6133596.748508447,1.3413757356875335
651913.3958114511,6133596.821824311,0.9993498804015989
651915.5619579753,6133596.927256044,3.584177701979668
651917.730229958,6133596.97088288,2.4568570405690364
651903.569051467,6133594.287196394,5.3711705890221255
651901.4370802152,6133594.213885292,7.235629504610833
651899.3040463207,6133594.171478204,8.878730565259811
651897.1710124379,6133594.129072146,7.350211854404683
651895.056660758,6133594.056369982,3.9561523345293175
651880.8138275342,6133594.773296425,4.791029824851289
651879.1461637847,6133593.5093186805,12.935326869511849
651880.6696833032,6133594.861159059,7.4338250047209895
651882.6693738118,6133595.703399963,8.092796458471028
651885.6086577413,6133595.897278136,8.801117005791081
651892.951968315,6133591.1375651965,4.232194984735467
651895.1015605931,6133591.211478025,2.7403377081169547
651897.2522154613,6133591.254488915,5.365330823340572
651899.3676311234,6133591.296289126,7.821204324426399
651901.4985411288,6133591.400502187,7.523499217102572
651930.5044303978,6133597.410206263,16.654606013753817
651932.6011611653,6133597.482319426,32.80325472885784
651934.7010805327,6133597.461724653,14.099948265823183
651936.8122422327,6133597.627154754,9.690052284958927
651925.1396885276,6133594.905235655,10.611567309508073
651923.0242742086,6133594.8634230755,7.037114354168634
651920.8746834842,6133594.789496628,5.392845340383344
651918.725092741,6133594.7155712275,5.352753812199037
651916.5392000414,6133594.671337987,2.2347246482862806
651938.5225684418,6133598.67604576,0.0
651919.8445804212,6133597.043595922,3.5016710335819723
651921.9941700404,6133597.117521885,6.558683866805149
651924.1272028525,6133597.159939953,13.162045014635067
651926.2404904625,6133597.263559038,9.961509182324615
651928.3724604393,6133597.336882135,18.774846666194566
651914.3885465458,6133594.62831768,2.742980970478079
651912.2213361793,6133594.553789522,1.9965728566707581
651910.0717453908,6133594.479868336,2.5384908176753846
651907.9045349865,6133594.405342297,3.4876310074591634
651905.7362618942,6133594.361720302,3.084748646649671
651925.0655216986,6133591.93249,9.08354036839455
651927.1788118137,6133592.036109491,6.986425188052749
651929.2589883317,6133592.076712072,2.969170463129072
651931.338102014,6133592.148218609,5.572058528467567
651933.420404264,6133592.127017194,7.953723975545274
651882.2585475243,6133591.233984708,7.0705669908412805
651884.3979576936,6133591.090965638,9.324114125987474
651886.5352429859,6133591.009753571,13.288946196456111
651888.6858978235,6133591.052760292,7.517376683819595
651890.8178704999,6133591.126065212,5.400221886507412
651882.4821999155,6133593.96435167,6.277637459478173
651881.072898168,6133592.368921535,7.272180290655588
651880.0629141585,6133590.446886335,9.942711283951782
651880.1286999458,6133591.098877949,9.368311931514178
651878.0196593202,6133590.871669042,0.0
651935.8710851364,6133595.243379754,15.721817167878386
651933.7028120336,6133595.199744027,9.870556368614862
651931.5708409828,6133595.126418373,9.710153373147012
651929.4388699136,6133595.053093748,6.0965186636452335
651927.28821641,6133595.010067157,9.88894855695087
651939.0652600364,6133596.745520773,0.21377230667547917
651940.32610388,6133594.963454839,0.04287002722437289
651892.9599286574,6133593.984274668,4.519499162024361
651942.021674104,6133593.877011617,0.0011064819186101407
651890.8445143765,6133593.942477506,3.849426006357599
651888.7664644029,6133593.840087031,4.704822589148018
651940.146719183,6133595.050103495,0.12409809429389733
651886.6697322488,6133593.767994706,8.090989204670633
651938.0196128652,6133595.34821648,1.4182516405438579
651884.5596305621,6133593.5716856355,11.572854211909483
651903.6326390457,6133591.412007331,4.519572927485601
651905.7656743358,6133591.454416489,2.412069111352406
651907.8810900287,6133591.496220779,0.8035886405123848
651910.0493645584,6133591.539843801,1.8242444449689987
651912.200019491,6133591.582861972,2.496087971705536
651914.3496117067,6133591.656784171,3.0349323718251346
651916.5013293903,6133591.6689014565,5.1656723082491425
651918.6685412067,6133591.743431692,4.961280509394769
651920.8015765614,6133591.785848112,3.5032324025115664
651922.9159295312,6133591.858562583,8.561797261039247
651943.7658522497,6133592.915999063,0.21296088660183174
651944.170778559,6133590.887917411,0.01181476804204828
651943.5692608773,6133588.887097333,0.005237347748087999
651942.1536008442,6133587.477065252,0.002237552324300507
651940.040758309,6133586.847481995,0.25260982201869514
651935.2396396904,6133593.086833942,11.97304413338369
651936.7412720866,6133594.561699831,17.099792866584835
651938.6320470948,6133595.493039084,0.7718449036918138
651940.663615026,6133595.408217088,0.0009958337267491266
651942.5290036155,6133594.513252221,0.002864558744846253
651902.4934978157,6133586.577210148,9.620171804676927
651904.608915793,6133586.619012831,12.127115593428382
651906.7408907362,6133586.692325402,5.974596650457936
651908.8376264062,6133586.764427199,3.5678017695842383
651910.9696013128,6133586.837741815,3.3412188611399616
651913.6312277348,6133586.898332069,3.2476104908255436
651915.7642653515,6133586.940746018,2.4694709344411923
651917.896240228,6133587.014063977,2.6788050191986907
651920.0292778524,6133587.056479987,3.5081132171969913
651922.161252707,6133587.129800006,6.264470324646712
651934.6824298444,6133587.746069527,7.754889174771032
651936.6925793744,6133587.258294927,18.315853377868002
651938.3779720515,6133585.9549234295,12.281998473546722
651939.2410068902,6133583.942597897,2.754574442136405
651940.5643192162,6133585.47321077,0.0035407421395524503
651924.2942903393,6133587.172218075,3.751526945047682
651926.4262651718,6133587.245540153,7.5985801624020395
651928.5219379072,6133587.34855428,5.16977858559154
651930.6010538097,6133587.420060434,8.786007380480282
651932.6780439848,6133587.553373524,9.406387203757907
651881.1641848863,6133586.122278138,5.236905155320555
651883.2919098458,6133586.3191913245,4.859963648380701
651885.4158278538,6133586.113760943,9.415780005822553
651887.5344334156,6133586.062846494,8.67553130802883
651889.665345938,6133586.167053802,12.44661839454883
651937.9425100151,6133587.33222499,12.455753017499134
651936.2726118248,6133588.698008612,10.851612414628773
651934.2849478272,6133589.557831133,13.484080429924779
651932.1599651456,6133589.794141018,8.211165435275234
651930.0434854401,6133589.783228093,10.171162917414156
651927.8720212814,6133589.832304208,5.868509622950303
651925.7192396482,6133589.851084378,8.138063863185725
651923.6027601107,6133589.840174537,7.062292964938784
651885.3089561984,6133588.709005778,11.040550349353225
651921.4697237756,6133589.797756783,3.9671556824977183
651883.4953743836,6133589.636715029,4.441172536430303
651919.3025109819,6133589.723225188,3.983838970981651
651882.4304067995,6133587.774667855,8.996595478078872
651881.1518777295,6133585.967157426,3.8411888631857236
651879.2984518743,6133584.97524864,0.6018401040191358
651891.8501798655,6133586.2421766585,5.230204792591194
651893.9645352613,6133586.314877225,1.8624672481352091
651896.0975728653,6133586.357281675,2.7582381267113587
651898.230610481,6133586.399687152,11.53877456881629
651900.3625854794,6133586.472996645,11.431310586032165
651895.8113109604,6133589.039176799,2.0750101304566773
651893.6958942716,6133588.99737831,2.5500597008466306
651891.5815401624,6133588.924677849,4.1512496852673655
651889.4858682065,6133588.821681244,4.374476265225192
651887.3933838196,6133588.625976682,7.828150572026564
651906.4391280843,6133589.31180809,1.433312088880496
651904.2895347908,6133589.237889759,14.676437639662607
651902.1741180709,6133589.196087209,9.659451912787587
651900.0421443724,6133589.12277682,9.02036025084191
651897.9091080434,6133589.080370445,8.745522436502691
651917.1881570182,6133589.650512464,2.8767177517074245
651915.05618342,6133589.577194826,1.3928763218770654
651912.8879078524,6133589.533569361,3.121963321845592
651910.7206949985,6133589.459041981,2.291179814622478
651908.5887213591,6133589.385727467,2.6160306116828753
651938.290772994,6133584.899980074,14.269608826676738
651936.1390515418,6133584.887852232,15.18417760362572
651933.9830786784,6133584.999337346,15.430087062915053
651942.3285713631,6133586.49301828,0.0
651940.408931229,6133585.37504759,0.0
651931.8511027015,6133584.92601164,13.08481257671608
651929.7025699028,6133584.821177998,5.94233655540868
651927.570593874,6133584.747854357,8.284303890095364
651925.4209981896,6133584.673925779,7.21779055723413
651923.2714024868,6133584.599998247,6.914971044597614
651888.9659668866,6133583.420329212,14.680334914864822
651886.8713548509,6133583.286430908,15.168625385547477
651884.7612481355,6133583.090121824,10.223351981241935
651882.7831554337,6133583.671840528,13.676104219777798
651882.5040753274,6133581.527418693,9.106051128316496
651910.2670473508,6133584.183722575,1.7015356001951343
651908.1163888486,6133584.140705405,3.1712017672237436
651905.9678556918,6133584.035883317,8.041197518333176
651903.8182598343,6133583.961965258,6.581047095804614
651901.6862835963,6133583.888654119,9.042957070468637
651881.6569159174,6133579.4872234175,8.395566794133384
651880.1686303138,6133578.136594378,8.349192907500079
651881.4898390706,6133579.728995157,8.461279525855286
651883.3235221123,6133580.782104999,9.624093668366223
651885.3765209299,6133581.100207887,10.06010901551632
651899.5719269785,6133583.815949874,8.927747714254242
651897.4575703426,6133583.743246642,7.157093876876593
651895.3255940494,6133583.669938575,4.097831197085576
651893.2112373771,6133583.597237376,1.5601026225096781
651891.0979432496,6133583.493634207,3.2520855954741448
651931.2633954624,6133582.523454644,12.265118477166148
651933.3467650888,6133582.471350141,10.97907913165266
651935.3885182884,6133582.603452469,9.465706928838951
651937.18907489,6133583.593566922,17.39380970084663
651938.331940075,6133585.241730879,13.196948372045448
651920.6574312344,6133582.127757928,4.49210758741699
651922.7883456892,6133582.23198119,8.569272161111636
651924.9379425407,6133582.305908468,4.920709505712398
651927.0523000815,6133582.378624843,3.570395854971202
651929.1490379579,6133582.450736251,3.2414756632990276
651921.1218067651,6133584.526071762,5.585926435180814
651918.9535286295,6133584.482443362,6.5123345686589245
651916.7873759905,6133584.377010065,8.099742706071192
651914.6190978471,6133584.333383793,2.046081775406792
651912.4518824273,6133584.2588556055,2.28591787838731
651898.1539535661,6133581.446727991,10.547514300664085
651900.3035506024,6133581.520643272,8.144862579863407
651902.4531476202,6133581.5945596015,6.691424814307745
651905.6268094967,6133581.64181243,6.895570728291316
651907.7764064979,6133581.71573135,4.771666391275612
651909.9436231279,6133581.790257222,2.0221448832341924
651912.0766631532,6133581.83266935,2.3881936903975074
651914.2086404662,6133581.90598549,2.6349145697604883
651916.3406177607,6133581.979302658,3.793769965851509
651918.5078343304,6133582.053832735,13.07282568926447
651887.4443950097,6133580.985669966,8.458009257073616
651889.5950547362,6133581.028677048,8.884668684889686
651891.7425267743,6133581.164394126,3.789872690649293
651893.8899987335,6133581.300112251,3.063246014698014
651896.0395958071,6133581.374025456,3.3956577715355807
651938.7400529592,6133583.120939845,11.493101454064773
651940.1749707769,6133581.40674,0.08615805872910962
651925.0250920423,6133579.7718642205,5.104078148113178
651942.0569216481,6133580.5432838565,0.014494913133792843
651922.8391918604,6133579.727627986,12.428939272338148
651940.0077272105,6133580.627499296,0.529967956283637
651920.6719741143,6133579.653095801,5.445993355207252
651937.8863779625,6133580.245140945,8.940951731816321
651918.503693596,6133579.609467661,3.999882958801498
651916.3364758269,6133579.534937605,5.0148465284990404
651914.1681953159,6133579.491311594,4.27936799719888
651912.0196598885,6133579.3864866,5.682510012431939
651909.868999027,6133579.343468613,0.8109037154187517
651907.7359578339,6133579.301057571,3.7865040679193025
651905.5687400004,6133579.226532801,7.430726855348881
651935.7399686251,6133580.078498451,12.20974520426148
651933.6069274002,6133580.03607491,12.967328785446764
651931.4397097185,6133579.96153744,17.392027035533314
651929.2890488452,6133579.918509996,3.765935798476694
651927.1570704529,6133579.845186593,5.902257321467913
651886.4141382601,6133576.0618032655,17.475959836181662
651888.5183166129,6133575.9175744485,21.18196119740031
651883.2459620566,6133576.881059446,4.701478554905108
651892.7603114123,6133578.755167749,3.696547087936298
651890.6721664917,6133575.867873066,12.49894269505555
651882.3988019095,6133574.840864049,10.322246876278601
651890.6833168406,6133578.621873507,4.067169353696535
651892.7854642723,6133575.97147597,3.7968435267365375
651888.5689577883,6133578.549174571,15.247960139111825
651880.8763379682,6133573.458120226,9.03894914707456
651894.9516210128,6133576.076897422,8.362999342995625
651886.4599113608,6133578.321961733,9.867531984703994
651882.363562563,6133574.839652458,9.309336445252258
651884.2885334223,6133575.803082689,9.95011241856293
651884.4054056939,6133578.560717871,9.710792673811097
651903.4180791578,6133579.183517956,3.1176111596323923
651901.3047829068,6133579.079909938,8.123962365845214
651899.1738669497,6133578.9756970685,7.912698084851918
651897.0408257392,6133578.933291194,5.181322880275705
651894.8922900571,6133578.828474538,3.178566019104271
651907.7445631442,6133576.485856845,2.9525855285934597
651909.8941626718,6133576.559776756,1.1852757254587227
651912.0282679261,6133576.571285837,6.745679311050263
651914.1602477783,6133576.644601911,2.4229986938595665
651916.3087845435,6133576.749427924,2.1581683937619993
651935.2922768471,6133575.143714818,13.485592621880214
651933.1624218099,6133575.008582601,27.640987926069304
651897.0659812989,6133576.149599394,6.440032122399521
651931.0160098572,6133574.841942447,16.11710168618009
651899.2166435217,6133576.192611123,7.398097932993422
651901.3475608231,6133576.296823989,11.264957176690901
651928.8653465004,6133574.798915249,6.09831362320209
651926.7136203465,6133574.786792075,5.367691318100274
651903.4971603914,6133576.370740784,2.8234836771787366
651905.6115206045,6133576.4434468495,12.751208278255122
651938.4147614865,6133575.653323774,12.455814488716834
651939.2767350528,6133573.671901217,4.258443194693608
651939.3450879861,6133573.736131259,5.3865998646649675
651937.440200828,6133574.753497458,15.793529490447865
651929.1017258948,6133577.158449237,3.0677580020772353
651918.477066431,6133576.793054964,5.312318045195607
651931.2337055994,6133577.231773556,6.6423584883391555
651920.59142656,6133576.865768204,4.624860829163126
651933.3315088078,6133577.272983928,10.872328214993862
651922.7057866706,6133576.938482456,2.0021790317250496
651935.3620219703,6133577.21906234,12.086507707015391
651924.8730057651,6133577.013015618,0.07753979400749064
651937.4865615009,6133577.508710522,17.394436707267175
651926.9873658391,6133577.085731921,2.450144383596135
651940.7869994044,6133572.331567367,0.0
651892.4257277632,6133573.607703396,6.804888387939445
651890.3289859756,6133573.535609492,6.989535631668398
651888.2333067092,6133573.432613602,18.21730272165046
651886.0900809785,6133573.17328636,20.208343168728167
651884.0841819718,6133573.537472048,10.524745361627797
651924.5464001445,6133574.712258032,2.9840956747867686
651922.3957368217,6133574.669233984,4.46165474616813
651920.2461362737,6133574.595308005,11.252699815881408
651918.0954729588,6133574.552286051,8.588635594687313
651915.9645547986,6133574.448065116,2.2721360313788437
651937.618972732,6133574.171795036,12.43469297831492
651938.2758872471,6133571.997682246,8.123655009756712
651939.5469163718,6133570.43254289,2.1847116655651027
651941.326342124,6133569.472741305,0.0013523667894123942
651943.3167551132,6133569.046169505,0.0014876034683536335
651903.0835079274,6133574.036052591,3.5722276972586786
651900.9702092104,6133573.932444775,9.009947026563434
651898.8206084755,6133573.858529229,8.946705437793094
651896.6896899989,6133573.754317601,9.641059724451578
651894.5577088902,6133573.681009983,7.988270799892991
651913.7973345174,6133574.373536347,5.44582123579769
651911.6642908683,6133574.331123448,0.8977010748119473
651927.7895987164,6133572.2248764755,6.308471422276776
651909.4981332526,6133574.225693811,1.850443477952979
651929.8852785892,6133572.327891129,6.254290690995499
651907.3650895965,6133574.183282987,3.249700512227363
651931.9654644176,6133572.368494835,30.3922798051805
651905.2154889324,6133574.109364326,11.349836634091838
651934.0488388347,6133572.316390584,24.809611344537814
651936.0778422557,6133572.819328882,14.095977225159727
651917.1638646957,6133571.8903885335,6.973995707833695
651919.3145292914,6133571.933410013,7.847071412834797
651921.4288917533,6133572.006123615,6.931211740314104
651923.5421914114,6133572.109741209,5.504895076007931
651925.6752363093,6133572.152159827,6.7900861187171495
651906.4852713016,6133571.554108495,2.505050475246278
651908.6161908507,6133571.658324832,2.8768652826299057
651910.7679181271,6133571.670439168,3.5045478865703585
651912.8999003351,6133571.743754592,1.6546207668460642
651915.0318825246,6133571.817071048,6.382691770528436
651885.1573909477,6133570.542298896,23.290792791835834
651887.2872484333,6133570.677407916,21.407449918169515
651889.4016112441,6133570.750106176,10.312755720265635
651891.5304060422,6133570.91612023,4.120895197966827
651893.6602633088,6133571.051232328,6.822739629559689
651882.5242646218,6133574.783298652,12.46617853602115
651883.0535638285,6133572.72854946,15.169301568942183
651882.6180304955,6133570.516869511,10.422752317219022
651881.230590264,6133568.798433355,6.343104306329273
651883.055778094,6133570.098766867,23.379053166210305
651895.7933082709,6133571.093636508,5.474909416013596
651897.941847721,6133571.198453541,12.630650926100778
651900.0727674336,6133571.302665751,17.176177001699557
651902.2047497341,6133571.375976013,7.04537608582759
651904.3532890531,6133571.480796166,6.81735475088912
651890.3271410496,6133565.893485385,15.778493630598307
651892.4570007513,6133566.028596861,10.853309020237308
651894.5692406665,6133566.163103525,15.648592653353477
651896.6836056956,6133566.235805235,25.16507480801309
651898.815590415,6133566.309113818,24.033733928964843
651900.9641321985,6133566.4139322825,16.011801490259025
651903.0784971579,6133566.486637057,12.98675369024014
651905.2094191515,6133566.590851712,6.388703655619551
651907.3766431822,6133566.665376201,9.555405729707614
651909.5086277793,6133566.738689951,22.358028534447488
651911.6747890714,6133566.844119533,22.74680939791647
651914.3188078353,6133566.904104093,22.459431455166335
651916.486031786,6133566.978633056,11.565096544235672
651918.6532557176,6133567.053163084,16.2949625074749
651920.785240217,6133567.12648228,11.125909282252227
651930.5464407811,6133570.030165342,19.305429334655212
651928.4144576058,6133569.956841413,16.41275365483272
651926.264854716,6133569.882912542,16.131043358354578
651924.1141890188,6133569.839887696,8.796322250810437
651922.0008882728,6133569.736269846,5.831122828344821
651880.5338572898,6133562.895971226,1.7957095057123973
651882.1028094311,6133564.465950133,8.185199992918516
651884.0122903453,6133565.366968395,15.417891173323262
651886.0984107454,6133565.748089067,15.845841496711044
651888.2127759065,6133565.820786718,23.22067872092657
651939.1170529439,6133570.10836257,6.455867108079187
651936.9808182232,6133570.1586464085,11.672007286060492
651934.8301524993,6133570.115616343,18.753110443615647
651932.6794867867,6133570.072587326,35.78526038224278
651887.7577592878,6133568.280303186,21.257988799452367
651885.6155935412,6133567.990073233,18.922586590816103
651883.6251869627,6133568.416670938,29.92750822239008
651882.976091811,6133566.259527344,10.673640945142102
651882.05845023,6133564.216908885,6.634342641551003
651933.5045422965,6133567.625801034,30.022321428571427
651935.536122745,6133567.540976478,20.15209700453215
651909.1230153821,6133569.231531005,1.899878631227772
651906.9734122938,6133569.157611528,8.080268624303654
651937.6472987898,6133567.7064067405,15.395589415541497
651904.8424915383,6133569.053396004,11.107467916942058
651939.413684766,6133568.664406983,6.073208777893179
651939.0588370254,6133566.672071977,6.305471626852988
651902.6939510365,6133568.948575631,11.182143152204702
651900.5277907875,6133568.84315044,14.805318194693609
651941.2639168515,6133569.74905,0.0
651922.9348444045,6133567.200408462,9.612537079438518
651925.084448573,6133567.274335691,14.412295817203287
651927.1988133106,6133567.347052019,15.410612981147516
651929.3131780303,6133567.419769359,12.536292606930413
651931.4099230259,6133567.491881723,44.306744818714
651919.8336656307,6133569.6617381545,12.102723814244799
651917.7016823626,6133569.588419398,14.201732308091776
651915.5718245339,6133569.453295713,5.127670801466654
651913.438778485,6133569.410881995,8.558711405910678
651911.2902381485,6133569.306057437,9.105092177320365
651898.3958072776,6133568.769841009,21.42538721949454
651896.2296469456,6133568.664417924,26.286924531048374
651894.1152830827,6133568.5917164115,9.55404106867466
651892.0019817654,6133568.488112929,7.806279112768703
651889.8721232497,6133568.353001653,20.79266397570264
651939.8017258535,6133564.562795461,2.945614692506216
651939.85033342,6133564.688225438,2.3858946668555063
651937.7665059306,6133565.266283627,11.775131400874956
651935.6137120805,6133565.285059173,16.85350228574576
651912.0604030091,6133564.351278682,8.58729552214144
651909.9118602097,6133564.246454837,7.0748330933496995
651907.7456976437,6133564.14102614,8.754804590375477
651905.5960920891,6133564.067107376,9.310086394108206
651903.4299294399,6133563.961680798,12.657009784250778
651941.2799425147,6133563.128540766,0.0
651922.7534454586,6133564.780886805,16.048831751801846
651920.6049028576,6133564.676057753,15.956256097944795
651918.4729171767,6133564.602738664,13.068116993988607
651916.3233117608,6133564.528814674,10.237318241903504
651914.1934514778,6133564.393691695,23.97356590107953
651930.6546344024,6133562.26806413,15.348145929720202
651932.7524447006,6133562.309274113,39.24444251015013
651934.8203298616,6133562.1947582,26.57898658058729
651936.7911643975,6133562.85039362,19.22911896500173
651937.464636558,6133560.707789708,24.14006684134328
651933.4849151322,6133565.119023901,28.856667315802724
651931.3187529689,6133565.013583637,39.69864104349605
651929.1680848278,6133564.970556368,26.29315771252321
651927.0360992211,6133564.897233143,14.828050250999276
651924.8864938798,6133564.823304984,16.21544334025745
651909.3865608427,6133561.567591946,13.94243441758726
651911.5196106143,6133561.610003643,14.502006912315489
651913.6505349716,6133561.714222331,16.561477118937464
651915.7825220085,6133561.78753907,38.082279962546814
651917.9155717695,6133561.829953859,15.763765126837251
651901.2990061779,6133563.8574670255,20.159104723350016
651899.1504631491,6133563.752648417,18.345642329965695
651896.9832377556,6133563.678127987,18.870372938501244
651894.8523143628,6133563.5739173265,12.827826003997105
651892.7037712024,6133563.469101859,9.331871793661286
651921.4043887443,6133559.381953652,16.587885154061624
651919.254780764,6133559.308028279,20.58080957101942
651917.1238552388,6133559.203806905,16.97594065716174
651914.974247206,6133559.129883616,14.182049224184055
651912.8246391545,6133559.055961373,9.181365664243225
651898.6727034033,6133561.2301194,5.247883914801876
651900.8046905549,6133561.303428903,2.7213062191168604
651902.9366776878,6133561.376739438,8.978449174613665
651905.1049669116,6133561.420359791,12.448056821043023
651907.2535110826,6133561.525181277,13.38707884839329
651888.0751893597,6133560.587277928,19.8412370566204
651890.1853068133,6133560.783588418,1.4656336551474523
651892.317294113,6133560.856893823,1.9164020945456834
651894.4482188157,6133560.961103237,0.5009166587983508
651896.5593985552,6133561.126513794,1.508700390268467
651890.5717851606,6133563.395796248,25.47010728448683
651888.4814137635,6133563.138285409,21.15347543511787
651886.3430524613,6133563.250399736,24.389517042772166
651884.5470801571,6133564.178714512,15.826662476788469
651885.3582967469,6133562.133658447,23.032281732917887
651920.0475587844,6133561.903272657,20.388994783306583
651922.1971655079,6133561.977198437,9.471694225442986
651924.3115327589,6133562.049913341,8.122708353004123
651926.4258999914,6133562.122629258,18.863242277247977
651928.5578869327,6133562.195952167,24.226753552544615
651885.2864023664,6133560.120118106,18.180616698926762
651884.5604524385,6133558.14596898,18.519052635098983
651883.4031278514,6133556.404504676,17.416185224089634
651884.556202406,6133558.269580912,15.887703395965127
651886.1294050517,6133559.715949303,24.6575561404337
651910.6760937751,6133558.951137197,2.803776004783936
651908.5088659325,6133558.87661115,12.868224888269914
651906.3592578096,6133558.802692055,7.186403353476222
651904.2283320526,6133558.698476909,15.567278526579171
651902.0600415075,6133558.654857008,19.854846784219305
651938.3794712496,6133558.728185014,15.141959171308972
651940.0979882936,6133557.487832018,0.45091597032071257
651938.3047407491,6133558.849372848,24.7444149710446
651936.3886052324,6133559.680715707,21.12084651276241
651934.2459884548,6133559.916418808,34.60512365058383
651932.0995691547,6133559.749778248,52.346184260220944
651929.9686438304,6133559.645550672,10.210725793126239
651927.8366556468,6133559.572227104,10.717666631259245
651925.6849221154,6133559.560104553,9.869831008245995
651923.5353141875,6133559.486177093,10.301629429861832
651888.7138417439,6133557.917498818,25.1091114114185
651886.6476387815,6133558.496186868,17.93345322679634
651885.6210909145,6133556.542641771,18.71526876199918
651884.540620311,6133554.618182506,14.071401032323042
651882.8334519605,6133553.476603986,18.38890577298335
651899.9467354225,6133558.551249801,21.120244094828944
651897.7795074703,6133558.476729021,11.878403046611902
651895.6309618242,6133558.371912172,12.939150379252824
651892.9714436666,6133558.24952708,13.875270965127624
651890.8394551033,6133558.176221381,20.3779668468511
651884.462703751,6133554.832080176,14.28843131353665
651886.4106156174,6133555.641602059,14.46945175542127
651888.5612876542,6133555.684608436,24.780031394580305
651890.6622881021,6133555.6330894325,16.465102543826518
651892.7932153267,6133555.737298008,14.406099518459069
651894.9065227533,6133555.840901769,6.225362335945614
651897.0198301321,6133555.944506542,20.123537476788467
651899.1507572125,6133556.048718186,14.085195173575048
651901.3003666182,6133556.122633751,18.483755861895318
651903.449976005,6133556.196550361,13.424342700563372
651905.5995853731,6133556.270468017,10.920829005759607
651907.7491947223,6133556.344386721,9.268839207031126
651909.9164238013,6133556.418912375,1.6078411701759356
651912.0484133646,6133556.49222727,5.009178882227048
651914.1980226577,6133556.566149114,20.397084395555975
651901.0580394901,6133553.422562914,16.735071837723854
651898.9260485325,6133553.34925335,21.127178048185566
651896.7411982757,6133553.274127262,12.496324021181506
651894.5915875203,6133553.20021394,10.609956763604318
651892.4606590683,6133553.096004517,7.2398341359015514
651938.4604147713,6133557.400569073,16.602158770811695
651940.5236013616,6133557.935624313,0.0062085929877569
651942.0844816865,6133559.226892012,0.10327164573694646
651941.5358167959,6133557.22789047,0.08120347858244421
651941.9295016304,6133555.013784777,0.0051635822868473236
651927.8346445976,6133557.066056048,6.7584407358449
651929.9666339909,6133557.139379595,8.624829847669405
651932.0799407789,6133557.243001159,36.1229586638026
651934.1766906276,6133557.315114757,35.80313621235011
651936.2921230741,6133557.35693238,26.950555503100116
651933.2077221365,6133554.713807764,31.39609249598716
651931.0933513036,6133554.64108866,15.593121026500487
651928.9624235126,6133554.5368616115,14.649082947785855
651926.8138759157,6133554.432029619,25.244102205488936
651924.6642654829,6133554.358101651,12.712592059295629
651943.1498030031,6133553.385022342,0.009220682655084505
651939.6053701746,6133555.397939884,8.310355392156863
651937.4776313717,6133555.200999793,28.522546659113083
651935.3717636351,6133554.881054828,28.930678661914204
651911.838144224,6133553.886076497,8.326485439681491
651909.6895963277,6133553.781252841,10.08091087558619
651907.5223659562,6133553.70672732,8.672580689579203
651905.3748806289,6133553.571002788,18.170080532212886
651903.207650189,6133553.496479385,16.32005505854027
651941.7356843116,6133555.007118436,0.0
651922.5498945471,6133554.28538664,9.888444492965725
651920.382664319,6133554.210854802,26.866204698171405
651918.2517363305,6133554.106632926,15.324196743304062
651916.1363025974,6133554.064823965,14.39950980392157
651913.9701350252,6133553.959392298,18.391340033204294
651890.3131733536,6133552.960287315,30.47417176140119
651888.1833073212,6133552.825176978,28.392522739432852
651886.1523416403,6133553.405076929,19.78140097331067
651884.5994117474,6133554.960538529,13.280795112989017
651883.5115027749,6133553.25240041,8.912121730714757
651916.347631932,6133556.640072005,21.182514438359615
651919.2901298427,6133556.741263233,21.25505047524628
651921.4221193248,6133556.814582654,11.86480561325654
651923.5706657557,6133556.919412041,7.469257014603595
651925.7202749331,6133556.993339497,10.693643679381864
651881.9900936529,6133551.838753374,8.738576188902528
651884.0416008448,6133552.713714903,16.081497556887925
651886.1704044386,6133552.879726225,23.49769261637239
651888.3045205864,6133552.8912236625,31.1276476882888
651886.0491911441,6133552.813679597,18.836895713341516
651882.4752123962,6133550.555972917,16.784285694614926
651884.6441262886,6133551.094636667,8.57305878812199
651886.7680611422,6133550.889206664,27.717286001479245
651888.8941213152,6133550.621971716,40.335814803449466
651891.00955629,6133550.663767606,45.55852010748119
651918.6497694,6133549.200936539,18.630770426147986
651916.4990937586,6133549.157915567,16.463688705819408
651914.3339864893,6133549.021580784,11.178786823718251
651912.1833108255,6133548.978561913,6.509457715670538
651910.0358232213,6133548.842835151,12.153130212759262
651903.8709255966,6133551.136943878,17.944161512919774
651906.0370945437,6133551.242370568,15.31088207755012
651908.2032634414,6133551.347798321,9.081229050609007
651910.3539378936,6133551.390815274,10.534974172253172
651912.5035496559,6133551.464736252,13.386636255625845
651936.3885144603,6133552.502741065,29.92200040128411
651938.1079758138,6133553.799461386,21.4604381078274
651938.9202820067,6133551.723511769,14.497113803386522
651940.3125292115,6133550.224420659,1.955964970257766
651942.211049711,6133549.3924734,2.257112465772826
651884.0794081572,6133552.127164029,11.197400308437983
651882.0274581593,6133551.7781589925,13.55298966496711
651884.0276113675,6133552.094443645,13.634402145689737
651886.1084255301,6133552.630079129,21.987049735624588
651884.5528399312,6133551.184316602,5.681624826897051
651914.6344789152,6133551.568955334,19.034144556699083
651916.8027731242,6133551.61258135,13.095102858559153
651918.9337023163,6133551.716802509,16.796297170553615
651921.0833139886,6133551.790727666,18.35158044959557
651923.2153058747,6133551.864047913,16.464291123752872
651940.109595056,6133549.969924562,12.110137243099487
651937.9701619719,6133550.112917006,24.705700398136784
651935.843483441,6133549.88507477,30.599179629717057
651933.6970592685,6133549.718433514,20.529370456047587
651931.5650662633,6133549.645108225,7.822986989739716
651893.1415484813,6133550.737073328,19.608580791867308
651895.2900978432,6133550.841888906,12.756826747552953
651897.4231525778,6133550.884293713,25.56441642668303
651899.5903842526,6133550.958814258,31.20714226701917
651901.7389335133,6133551.063632975,22.271833592987758
651925.3649175097,6133551.937975154,16.028337247820478
651928.0255023763,6133552.029476714,15.14166410946401
651930.1574942024,6133552.102800315,14.844622891291348
651932.254246476,6133552.17491296,51.68827011141535
651934.3376303805,6133552.122808692,33.06123713530356
651929.4143906443,6133549.602080961,23.13433624854436
651927.2471580626,6133549.527545795,23.76935851587826
651925.1162278051,6133549.423320642,17.59575494523652
651922.9666149481,6133549.34939354,14.607761995247538
651920.7993822948,6133549.274861539,24.964961405910678
651943.3723615888,6133542.811356531,0.0019670789664180278
651942.5220319696,6133540.863858273,0.007573254020709407
651940.6386736482,6133539.716196957,2.1517385043905204
651938.5461669096,6133539.520468528,16.49796505680924
651936.4254115773,6133539.633164843,24.54827260960564
651934.2704796202,6133539.713747197,28.82098942104932
651932.156101598,6133539.6410277,13.383562694740817
651930.0241037408,6133539.567703235,19.376539239291223
651927.8931686692,6133539.463476822,22.160042036477513
651925.7974731848,6133539.360463371,12.232526437541308
651886.177579104,6133548.053408673,10.332598629339376
651884.3367988655,6133549.258638841,5.228901602775942
651883.5072526224,6133547.219049179,8.580164860888175
651882.3904764359,6133545.324281901,13.1983130330784
651880.6822413105,6133544.213607275,0.4243849927611494
651907.850970645,6133548.767703604,4.398462334371951
651905.6837378283,6133548.693179024,27.702459143769868
651903.5175676297,6133548.5877525285,25.109246648097443
651901.3513973816,6133548.482327096,23.30748837456331
651899.1852270842,6133548.3769027265,27.003691223680484
651882.5522420232,6133545.237025096,32.99682759339691
651884.6954815304,6133545.496350389,15.895903656406382
651886.8130439334,6133545.4763382645,27.628165030056966
651888.9097990141,6133545.54843028,42.48567228857835
651891.0407311087,6133545.652637928,31.684453978220503
651915.2242001788,6133546.731729822,21.111896303465205
651917.3748769811,6133546.774750155,17.163108220816415
651919.5586678723,6133546.880789376,21.785030725773456
651921.7093446671,6133546.923811821,18.92795917524313
651923.8413389075,6133546.997132331,14.381744622006106
651925.9909529163,6133547.071059838,14.894476048846505
651928.1032017157,6133547.205582396,15.591473597866113
651930.253878481,6133547.248609003,11.993366517955497
651932.351695898,6133547.289818679,33.60140931372549
651934.4836900462,6133547.36314433,38.2770822514399
651904.4793174823,6133546.269420026,21.57050847024203
651906.6102492436,6133546.373635193,17.99820700752211
651908.7598634178,6133546.44755431,9.83980846552104
651910.9260346729,6133546.55298336,1.906960115506877
651913.0756487945,6133546.626904578,7.613997143801341
651936.4401002285,6133547.925464541,27.640102740534417
651938.5935162012,6133548.401742891,16.36791654864193
651923.6665380173,6133539.256238999,14.689137593239543
651940.5983692548,6133548.068484672,0.14730962609763007
651921.5169202237,6133539.182312685,10.168519655053032
651942.3013968703,6133546.765720497,0.09173964529632078
651919.368365156,6133539.07748444,12.354682041355868
651917.273732225,6133538.943572059,23.789656311962986
651915.0899374074,6133538.837534033,17.126889379347244
651897.0014369572,6133548.270873572,15.185210320083089
651894.8331414079,6133548.2272573,24.88566353507695
651892.6680335536,6133548.090933151,19.209694060208353
651890.5194828544,6133547.986118871,40.86960626947408
651888.356499918,6133547.787990874,41.405709053284234
651943.2472240606,6133544.910940727,0.0
651893.2058401708,6133545.78896126,17.29994315141787
651895.3191523639,6133545.89256514,15.367656894218362
651897.4863864711,6133545.967084611,16.349893187612125
651899.6173183718,6133546.071296403,19.736145862839518
651901.7658700129,6133546.176115093,18.57215147294873
651891.4195250073,6133537.714206635,59.09632638167626
651889.2854014758,6133537.702707811,53.36380338652315
651887.1550850591,6133538.093554597,18.91233319170365
651885.3019933446,6133539.1436637,14.285923287854468
651902.1964800513,6133538.270404997,21.86837340273188
651885.005289976,6133536.998636043,6.403382982406446
651900.0479245591,6133538.16558616,25.30763885610424
651897.879624009,6133538.121968476,16.994677084316873
651895.7155737858,6133537.954739932,24.317780131715608
651893.5857005321,6133537.819627109,19.52917227284172
651884.0065378026,6133535.262623944,4.204791115884556
651882.3169812744,6133534.121651574,0.0013277783023321688
651884.2056684335,6133535.114772829,2.842170927359708
651886.4017723255,6133535.37591627,2.7035533314449376
651888.5721991053,6133535.357722334,38.25823517609291
651912.9600646972,6133538.702411854,10.577094250621597
651910.7938895848,6133538.596981871,14.245143282031913
651908.6463969123,6133538.461255867,3.3039918917005004
651906.4823469947,6133538.294022043,12.443458773959021
651904.3306035921,6133538.28191006,20.143786095899035
651933.5305642006,6133537.120318255,36.95299222216977
651935.608640929,6133537.222729354,21.125801092909075
651937.7096517977,6133537.171232567,20.847729892518807
651939.8651987668,6133537.585705497,11.211932104302395
651941.1880339095,6133536.053287547,0.6941206960312215
651890.7020735793,6133535.492832719,22.540057104302395
651892.8495678056,6133535.628549968,9.64466193780883
651895.0157443562,6133535.733971126,14.777606969754194
651897.1643010275,6133535.838787495,9.42957414707456
651899.2963004237,6133535.91209607,24.28429061231234
651903.4712366632,6133533.518613196,13.550358696849527
651901.3402986951,6133533.414399643,18.90491976284896
651899.1388813186,6133533.307763685,17.632145906115255
651896.9727035722,6133533.202340526,3.8902674833978534
651894.8054632057,6133533.127821409,6.630359306644006
651922.8860628823,6133536.8161149165,11.755485199697857
651925.0191247943,6133536.858532937,10.472433355364618
651927.1511239196,6133536.931854966,32.38097205174204
651929.2665660122,6133536.973669067,17.298221957322255
651931.3809452883,6133537.046387158,29.207717145847102
651884.3903656126,6133528.716643929,2.178871899883549
651886.2342524646,6133529.986681255,1.2267196204324426
651888.3129519777,6133530.584123561,22.470176624020393
651890.447078919,6133530.595621858,20.838656740786202
651892.5998883062,6133530.576824039,17.1134517711579
651901.4282998013,6133535.985405674,37.80954446385296
651903.5944761859,6133536.090831042,23.254401830957104
651905.7430326922,6133536.195651589,24.530064834922733
651907.8937144764,6133536.238667222,13.926882199509016
651910.0257137648,6133536.311980979,13.52134428209486
651912.1929526918,6133536.3865075875,4.172186782016177
651942.23532995,6133534.32575562,0.002237552324300507
651914.3238892348,6133536.490726401,14.022961712774997
651943.9549199464,6133533.054501016,0.004745578006483492
651916.4372059011,6133536.594340313,6.8230961626223525
651918.6044447415,6133536.668870071,6.66131621187801
651940.2064734347,6133534.843825023,11.825500916658799
651938.0328562829,6133534.954702531,12.447872407389923
651920.7375066606,6133536.711286024,14.312011672646587
651914.3384265437,6133534.016064445,7.884777857772322
651912.1556919822,6133533.879124934,3.6162656776193622
651909.9895145022,6133533.773695382,9.11967315015894
651907.822274311,6133533.699169874,8.094419298618323
651905.6550341005,6133533.6246454315,17.86612994917068
651892.6569052164,6133533.02300621,6.58173557344286
651890.5115348003,6133532.825483113,34.78173045903755
651888.4277002979,6133533.403564682,27.456906217543196
651887.2548750725,6133531.599687725,10.614935932238064
651886.2208826509,6133529.862463519,2.0605398058099644
651942.2881894663,6133534.327573717,0.0
651935.8688050197,6133534.787454327,8.788183461586883
651933.7026279598,6133534.682013136,39.42736855978347
651931.5706276966,6133534.608687963,8.612597075346994
651929.4375646012,6133534.566266797,10.191583655934284
651927.2527048045,6133534.491125768,13.931025359582035
651925.10202188,6133534.448100724,10.027135854341736
651922.9710843402,6133534.343876728,11.9740276728669
651920.7862244861,6133534.268738899,13.599584847984138
651918.6366042882,6133534.194814027,5.732904116702861
651916.4869840716,6133534.120890201,8.265604345670853
651894.7297650673,6133530.711936329,5.098066263022063
651896.8970066187,6133530.786455388,2.810636192679319
651899.0455657016,6133530.891272633,9.341338361187171
651901.1951873504,6133530.965187943,20.43365977008781
651903.3437463506,6133531.070007281,20.11076375775029
651930.382888386,6133529.6484537935,3.8693057981619616
651928.1980261487,6133529.5733123375,6.0506242525099925
651926.0660234632,6133529.499989863,2.156975852138608
651923.916400902,6133529.426062458,6.181422709533251
651921.7502212226,6133529.320627174,4.64164247159538
651916.2393502067,6133531.575333363,13.43304702498977
651918.4055287731,6133531.680765962,4.920795565417178
651920.5551501927,6133531.754690701,9.92717136011708
651922.6860889809,6133531.858913513,5.736813686148617
651924.852267415,6133531.964349275,7.235801624020395
651941.1310007223,6133530.018117025,1.7169402873508954
651939.0049263394,6133530.285327048,16.645877100840337
651936.8638069658,6133529.964169538,5.8040140213388725
651934.7008160816,6133529.766018971,10.317784065873541
651932.5501307474,6133529.722990339,5.852023042363013
651937.5663565858,6133532.618192951,9.430569980801309
651939.2153464737,6133533.912489503,19.12190086708841
651939.9582395368,6133531.803213006,7.8341747513612185
651941.263456414,6133530.270189039,0.6460502037893809
651905.4933679468,6133531.143924685,19.104012742737545
651907.6243070158,6133531.248140222,6.880079981430774
651909.8102309318,6133531.292368536,6.222817427532811
651911.9577270916,6133531.4280950455,3.747789495011488
651914.1084112877,6133531.471113667,5.431154203254335
651896.8773567993,6133528.279678871,1.6952532417461366
651894.6924941579,6133528.204554,3.597209600132188
651892.5812985986,6133528.039144599,16.85168273770182
651890.4140557337,6133527.964627679,25.539262404399963
651888.3622711581,6133528.636629908,19.588381349730902
651888.0810629457,6133526.554013839,16.531786520788092
651887.2462006703,6133524.6689384775,5.199924070751896
651885.5993179167,6133523.312855673,8.08956307241998
651887.0678769056,6133524.724686331,6.503777775155005
651888.9928695561,6133525.688118211,15.208864444654266
651943.0936317246,6133529.374011977,0.0
651891.1403685715,6133525.823834551,17.356828616277973
651893.2632533439,6133525.649310456,6.38748652550908
651895.4139400701,6133525.692319929,2.280778884587543
651897.5614390451,6133525.828039392,2.745931588927706
651899.7100005439,6133525.93285692,9.998219793535391
651927.0018887484,6133532.038277154,12.810048527838102
651929.1328274058,6133532.142503078,9.184476107858874
651931.2835115121,6133532.1855300665,4.064562974066031
651933.3978930964,6133532.258249085,32.67655025493343
651935.4812863888,6133532.2061452065,11.175602614641361
651913.1694550663,6133526.457561387,2.1494886578226797
651915.3356361424,6133526.562992438,4.609751203852327
651917.501817169,6133526.668424552,6.496647113901741
651901.8243848725,6133526.005560774,17.761788704245742
651919.6503782787,6133526.77325179,2.1200808272747302
651903.9905661581,6133526.110986257,10.133272058823529
651921.8000020969,6133526.847177096,1.5038195755830421
651906.1391275255,6133526.2158069145,2.1870844545683443
651908.3239912438,6133526.290937431,1.9151603759481322
651911.0198311277,6133526.383640285,2.0431926281748654
651919.6005986086,6133529.246701873,4.355235774084915
651917.4520387037,6133529.141874639,2.7888630873697795
651915.3034787498,6133529.037048453,7.2214542418090835
651913.1362361914,6133528.962520377,4.3019525225820665
651910.9689936137,6133528.887993364,4.084282940704371
651907.7093197822,6133528.775901893,3.7817093129386588
651905.5431398011,6133528.670474566,8.422564952947472
651903.3769597707,6133528.565048301,10.268877565070973
651901.209717077,6133528.490526081,20.59493565684701
651899.0082972434,6133528.3838902265,6.767599947282283
651924.0024854975,6133526.922921323,1.8474559767727317
651926.1344894108,6133526.996242781,2.6888125334403425
651928.2841131722,6133527.070171245,4.225703624146288
651930.4337369152,6133527.144100757,2.1600617072671766
651932.5854863046,6133527.156225361,1.9457115711453121
651895.9662763141,6133520.91568656,4.936126487111698
651898.1687624606,6133520.991417856,3.3772164062254113
651900.3018316366,6133521.033823817,18.48700154218991
651902.4503954732,6133521.13864264,15.1863782732194
651904.5813393722,6133521.242856629,12.006324650646775
651895.0355161256,6133523.358844467,2.563485014792434
651892.8858908243,6133523.284932216,4.620656197872408
651890.7591980784,6133523.057111932,17.210551706637712
651888.7324687851,6133523.513398981,13.616563198313033
651887.1661585451,6133524.944642067,6.220149576684606
651886.9004442482,6133522.924437869,4.0742385437321
651885.8125272095,6133521.216299364,5.004703777578447
651887.4583482204,6133522.603285215,12.860946696094167
651889.4302693396,6133523.227996098,13.396164294369433
651887.4721609245,6133522.201546457,8.17585636782803
651885.6133959364,6133521.364150416,5.0297594459131965
651887.576198086,6133521.741030797,11.957922213829352
651889.5916833219,6133521.098719501,16.12134320020143
651891.7230706026,6133520.676970781,16.90945338809681
651893.8550772743,6133520.750276608,3.120082302583955
651906.7309657612,6133521.316774556,5.857678394391464
651908.9158319079,6133521.391905325,4.818605813111762
651911.030218483,6133521.464613552,2.001367611651402
651913.1974647035,6133521.539140535,3.2302510189469045
651915.3284084195,6133521.643359713,3.2037323356308818
651934.6875646771,6133527.073824085,11.003593853271646
651936.6210498485,6133527.790053095,5.452275713656249
651937.4600958723,6133525.962539028,1.5841255743870581
651938.4214188138,6133524.170170196,10.449258706291506
651940.0363549108,6133522.864374969,11.16000121958896
651916.7213358823,6133524.228301686,4.7458976568155355
651914.5717108301,6133524.154378874,2.6346932733767665
651912.3879086945,6133524.048342306,1.8106716001007144
651910.2206637115,6133523.9738157,2.741099951216442
651908.0710385878,6133523.899896054,4.566991824819816
651905.8861736887,6133523.824765681,5.577246699241495
651903.7199912784,6133523.719339288,11.149059342838259
651927.5244460837,6133524.53794342,11.482774289491077
651901.5351263253,6133523.64421107,16.225819681805305
651925.3737583144,6133524.494918322,5.42079015595002
651899.350261353,6133523.569083933,9.985753430585717
651923.2241333228,6133524.420991296,6.026662771850313
651897.1840788242,6133523.463660748,1.5840763974128977
651921.0568884353,6133524.346459369,6.0330434842476315
651918.8896435287,6133524.271928507,5.11628633194851
651938.2184832324,6133523.915674213,7.160573147798445
651936.1832454753,6133524.619163374,12.088769847826772
651933.9930664947,6133524.698533967,16.667330555817834
651931.8621242366,6133524.594305758,4.881847401882101
651929.6938165526,6133524.550672567,5.897659274383911
651917.4614775372,6133521.685773965,6.046517975167595
651919.6100410738,6133521.790601141,5.956327404557329
651938.2974657237,6133523.670874474,10.222651209360148
651921.7596673167,6133521.864526389,12.007799959871589
651939.3645087607,6133521.882141928,15.441951007931262
651923.9269134278,6133521.939058639,7.574741624177761
651940.6376769237,6133520.255196789,12.078135327164574
651926.0754768476,6133522.043888965,5.48518740361313
651940.6686651662,6133520.380020735,16.44235819327731
651928.225103019,6133522.11781736,9.326769682592138
651930.3571092852,6133522.191140818,7.312603763415479
651932.5056725886,6133522.295974274,6.552942455071916
651934.6077532565,6133522.213572923,16.20666525036981
651936.6629028241,6133522.469893281,5.756447593082177
651942.4181850592,6133519.264492394,0.0
651938.5633947558,6133520.555128144,12.733934866081263
651936.4596361014,6133520.173376991,10.143611517640764
651934.3008917593,6133519.851614803,15.66439075630252
651932.1688843326,6133519.77828946,7.199693430743084
651930.0192569911,6133519.7043591635,9.340944945393888
651927.852009734,6133519.629823942,5.9940461437383945
651925.6847624581,6133519.555289783,9.153162669562207
651923.5351350601,6133519.481362645,9.949596060334246
651921.3678877461,6133519.406830606,8.49237166776823
651919.2358802074,6133519.333511509,3.1474124059736255
651903.8506203298,6133516.329286106,8.291188666477828
651905.9815665535,6133516.433500731,7.582868119157776
651908.1125127289,6133516.537716387,5.8009773431844645
651910.2786986704,6133516.643144876,1.0664149789129134
651912.4470099391,6133516.686768473,3.745515059956567
651925.3965786145,6133517.163035357,8.128425176250275
651927.5990668739,6133517.238781298,10.72361704513266
651929.7310754902,6133517.312104416,5.999971969124728
651931.8807039938,6133517.386034552,5.271636393321374
651933.9961555067,6133517.427850765,18.595793303276366
651914.5955759052,6133516.79159317,3.8806656791930254
651916.7452045409,6133516.865515935,7.3972865129197745
651918.9124530643,6133516.940045686,5.198829883076826
651921.0797015688,6133517.0145765,3.592218137254902
651923.2469500543,6133517.089108378,17.02356855663614
651933.3245890868,6133514.898651932,12.032781862745098
651931.1936420955,6133514.794424124,5.147058823529412
651929.0616322523,6133514.721100319,9.578346788153464
651926.9130652628,6133514.6162686,9.595632494570863
651924.7821181412,6133514.512043888,15.514708341201649
651917.0696955771,6133519.228078603,4.419940377836528
651914.9190053823,6133519.185058638,2.867202007207377
651912.7715032728,6133519.049330786,2.361650418594404
651910.6021304816,6133519.036609989,0.9132409986466496
651908.4722481722,6133518.901490134,8.022596327856986
651922.6138056203,6133514.4684142545,8.247986694677872
651920.5004783485,6133514.364797561,6.887468821798382
651918.3684683826,6133514.291478923,11.849904990085921
651916.201218564,6133514.216949462,11.854281740786202
651914.0681458624,6133514.174535877,4.298719136531017
651911.9195786221,6133514.069711456,0.6496032401724735
651886.9951855511,6133515.038119526,3.1476705850879676
651909.7699486644,6133513.995791063,4.164109464010323
651885.331741473,6133513.650528105,4.520777763352532
651907.6213813415,6133513.890968735,4.328200732540207
651886.8168614127,6133515.093867394,3.9733150985113146
651905.4728139697,6133513.786147455,12.039875641267743
651888.8560781104,6133515.813710139,16.334857327762567
651903.3408038442,6133513.712836075,11.983420474931545
651890.9891496446,6133515.856111563,14.134740975041701
651943.6205475981,6133515.593103531,0.03626801844333239
651941.6424164465,6133516.174796458,7.722481548799295
651939.5579525325,6133516.257800531,13.82685623406666
651895.489570636,6133518.36225514,4.440139819972933
651906.2873807973,6133518.826359604,11.34566888553174
651937.495808869,6133515.691843114,13.646352150410726
651893.3399428992,6133518.288342707,6.3405839864035505
651904.121195932,6133518.720933055,12.362820830579423
651935.4128562617,6133515.217989589,14.916667158436407
651891.2661074458,6133518.062339724,17.623035871652032
651889.2559332188,6133518.550135378,20.891239220407265
651901.9715683006,6133518.647016418,16.200813190444716
651899.7867008527,6133518.571889106,5.493965493500771
651887.9378945585,6133516.865023702,11.492105620338023
651897.655755668,6133518.467677453,2.54016283479684
651893.1077889395,6133515.805199242,4.115202963207755
651895.2387354062,6133515.909408679,1.5977598904730432
651897.4225415511,6133516.0154367,1.9393062702609134
651899.5524253224,6133516.150551201,10.518020410411356
651901.6833716282,6133516.25476375,13.269410643470872
651936.1147955926,6133517.376959065,10.646581315110314
651937.9756795843,6133518.152570521,9.46337102256633
651939.3300022127,6133519.808006503,12.152318792685614
651940.1423138599,6133517.732057085,18.190636507411952
651941.6381648781,6133516.298408355,2.588823450728606
651901.1746164712,6133513.607411012,8.819841138702673
651899.0073664557,6133513.532889994,2.834118197840934
651896.8940387566,6133513.429284607,9.053898947219338
651894.7278512516,6133513.323862707,6.56314667721021
651892.6518883931,6133513.159665073,9.229251742831964
651918.3717634036,6133511.630793211,8.705590733484405
651920.5037746537,6133511.704111829,7.293264918326881
651922.6534058128,6133511.778037431,2.8208895917917727
651924.8195941073,6133511.883473015,13.291220631511031
651926.9692252139,6133511.957400718,4.696905096308186
651907.6246698867,6133511.2302831225,3.159817297705599
651909.7919211017,6133511.304808351,1.907943654990086
651911.9239324408,6133511.378122827,3.356894021653605
651914.0725009921,6133511.482947227,5.556715312529506
651929.0266183671,6133509.58393461,11.33252633918736
651916.22319492,6133511.525966719,14.975827058351431
651926.8769860889,6133509.510005925,8.942758985616718
651924.7439109576,6133509.467587222,7.427124641991628
651922.5766587204,6133509.393054671,4.663636873288642
651920.4270264012,6133509.319129128,8.20535025808076
651939.6584310997,6133510.258987361,15.421149147861392
651937.5317333057,6133510.031144634,12.638433182261668
651935.4509036806,6133509.495485189,10.812492131684134
651896.9459303129,6133510.894028558,2.0375495703899538
651933.3178284141,6133509.45306235,6.373139143297768
651899.079004341,6133510.936433849,3.6273304968054636
651931.1959961962,6133509.596664377,10.011952463569697
651901.1933958438,6133511.009137285,11.149907645642527
651903.3606471154,6133511.0836593555,8.918600797060398
651905.45848129,6133511.12485598,11.060639143297768
651886.4941245057,6133510.627481278,5.825135531740786
651888.4191236567,6133511.590912791,11.50594893856419
651890.5233325685,6133511.446684441,17.43286851257357
651892.6525994304,6133511.086742057,16.022927780662826
651894.7941738041,6133510.881921438,5.667449564095301
651939.3738184981,6133513.405030564,12.5262973869323
651940.5941290488,6133511.776267334,15.776096253107985
651941.8838573117,6133510.180831516,3.1891144800616877
651943.7834575637,6133509.317981709,0.021453454977496615
651941.7845150463,6133509.991777501,15.037027802694112
651890.537497987,6133513.086965711,17.480754591162306
651888.567431156,6133513.947414947,8.724523868536178
651887.6952013727,6133512.122933895,6.354304362194316
651886.661203919,6133510.385709699,5.135612882793567
651884.9529555581,6133509.275033672,5.407598432631479
651929.1001735715,6133512.061626466,8.731494704623422
651931.231121881,6133512.165853241,7.277331578698895
651933.3807529013,6133512.2397840675,7.363194575583043
651935.4817755148,6133512.18828603,7.0632642101784535
651937.5411812016,6133512.320994817,7.372378375507506
651918.3115712111,6133509.277319477,8.415741647782708
651916.1453816439,6133509.171887105,19.249564292008937
651914.0123065097,6133509.129473588,2.05130682891134
651911.8253088933,6133509.116146352,1.7393158105939004
651909.6778018576,6133508.980420087,1.4202924849715166
651937.48184871,6133505.326620367,4.358911752903409
651935.3396542006,6133505.036366779,4.475670183803858
651932.1712507126,6133504.834578632,4.046133902999402
651930.0381732469,6133504.792157412,9.045637215560381
651927.9061585846,6133504.718834245,6.286059016303151
651931.5843639183,6133507.537072782,5.670670655902811
651933.7174400829,6133507.579494772,13.475658873099801
651935.8152763692,6133507.620705782,16.60165470682655
651937.8105815845,6133507.565572794,17.06839336858339
651939.7387607252,6133508.436317894,20.65850919019293
651940.5478855543,6133506.453077464,20.856151449343784
651941.6907273497,6133504.512254656,7.208311695464703
651943.5438474175,6133503.462168788,0.085653994743965
651941.583944716,6133504.539521467,12.579273282346646
651939.6004946966,6133505.275730246,16.172216779970416
651910.1408899669,6133506.799638461,1.2571601674377617
651912.2718408001,6133506.903856045,1.3403676077172442
651888.7358416017,6133505.9708109945,10.8587922528562
651914.4049169817,6133506.946268705,2.3857717244201053
651890.8667928147,6133506.075018244,7.356838451672804
651916.553487694,6133507.051094276,16.779712236018003
651918.7041838147,6133507.094114941,6.640661882730621
651892.9998690765,6133506.117420561,7.92603733909294
651895.1308202228,6133506.22162987,4.335343688037012
651897.2970112159,6133506.327051907,0.8379264627199194
651915.0820184164,6133504.184996096,3.31924904793378
651912.915826352,6133504.079565352,1.0328148113177855
651910.7496342383,6133503.974135669,1.362939838856891
651908.6176193346,6133503.90082182,2.417601520945457
651920.853817203,6133507.168039628,6.998768608567023
651906.4690470961,6133503.796000136,6.790307415100872
651922.9858306269,6133507.241359411,5.924546785006137
651925.1530839233,6133507.315892145,8.586729986938595
651907.5094868522,6133508.936797912,4.472424503509269
651927.3203372005,6133507.390425943,11.274767983035911
651905.3422344937,6133508.862273822,5.865804889371479
651929.4347306235,6133507.46314287,9.787201397412899
651903.2102219923,6133508.788962543,4.123784345198754
651901.0595269285,6133508.745949408,7.00182987520851
651898.8591598328,6133508.608410813,1.0198935613571272
651904.3370321401,6133503.722688355,7.90629278396752
651902.1873972074,6133503.648771732,10.21633196818053
651900.0377622558,6133503.574856157,2.845146134296415
651897.9046846625,6133503.532450462,2.3121414998583703
651895.7539871216,6133503.489439952,2.8023867552639032
651899.4114049112,6133506.399754452,1.1069982768388253
651901.5247359803,6133506.50336099,7.866779085229598
651903.6919894653,6133506.577883188,3.500576845906902
651905.806383091,6133506.6505887965,3.2732071058760583
651907.9736365384,6133506.725113097,2.398127439177918
651896.7250221095,6133508.596908626,2.684964435212287
651894.5940721091,6133508.492698531,3.5141373965316465
651892.4972993925,6133508.420604105,13.116003072577346
651890.3519169642,6133508.223081286,17.51469899757656
651888.2557638321,6133508.646042386,6.888058945488308
651925.775206681,6133504.614609132,11.292324162811193
651923.6090148159,6133504.509173139,5.008957585843326
651921.4770000682,6133504.435853078,5.292954611619929
651919.3449853018,6133504.362534047,4.144955032574828
651917.1787933202,6133504.257101209,5.4468908349856795
651886.6408391348,6133509.95185635,4.574270016995563
651886.9453362495,6133507.7656202065,5.915559692978315
651886.3667110752,6133505.610899627,4.549656941428257
651885.0070522241,6133504.109995205,3.128860392471595
651886.5957704209,6133505.61877512,5.380047032858087
651936.234137255,6133502.622907951,11.258711700972524
651938.2684873977,6133502.971331822,13.39366856293079
651939.8678176214,6133504.171101429,16.747034136688384
651940.259378306,6133502.0188016165,19.439153821641018
651941.3232379742,6133500.322778413,24.405979034872377
651925.5335044732,6133502.409590502,14.003782692852422
651927.7007601609,6133502.484124447,4.759359853491959
651929.8327759004,6133502.557447498,5.114897082428477
651931.9834744056,6133502.60047459,3.9677335119441035
651934.1331100874,6133502.674405705,9.3227125822239
651943.0519568677,6133499.299353116,0.03580083718880811
651941.1566041767,6133500.038591398,22.485163306895792
651939.0513241368,6133500.213698727,14.882808811726939
651936.8830043899,6133500.170062203,14.582816975104649
651934.7509874423,6133500.096735771,6.001053862556258
651932.5826677028,6133500.053101361,4.41797329887011
651930.4319679498,6133500.010073995,5.489256798224908
651928.3010137691,6133499.905847702,3.998469120794385
651926.1337568113,6133499.831313484,10.720432836055771
651923.9664998344,6133499.756780329,3.5645437950461085
651911.051057455,6133499.312633266,1.65416587983508
651908.9190402987,6133499.239319309,4.4537618418153775
651906.7341631937,6133499.1641887175,9.513088943442545
651904.584526023,6133499.090270965,9.969992210367293
651902.4172688567,6133499.01574839,6.1662884957353725
651921.8158000666,6133499.71375716,5.282221737009411
651919.6672257751,6133499.608929088,6.225214805023133
651917.4978433065,6133499.596205061,3.5335868898121046
651915.3668889384,6133499.491985012,4.431890382557517
651913.2172518581,6133499.418063056,6.480480183646493
651893.6230346551,6133503.385230363,8.340095167280396
651891.496332288,6133503.157409887,9.308709438831713
651889.3921194066,6133503.301637839,7.750438658609511
651887.6260505284,6133504.385678243,2.784879752462783
651887.5978939948,6133502.126125778,2.2486663204607686
651903.9874741837,6133501.57584177,9.866167323671041
651906.1173648955,6133501.710959322,9.197876833317597
651908.267000803,6133501.784877841,3.3320473554590375
651910.451876624,6133501.860009211,1.175587861549114
651912.5828298437,6133501.964226907,0.8200383383690555
651900.2500116711,6133498.941226879,2.6094777798759954
651914.7324656795,6133502.0381485745,2.4187694740817673
651898.1356143986,6133498.868523992,2.1808881558241273
651895.9517997648,6133498.762495757,1.7063672379063985
651916.8997214626,6133502.112677217,3.843426415510024
651893.8197824629,6133498.689189092,9.415644769143613
651919.0317372953,6133502.18599505,3.2565238173921256
651891.6909527525,6133498.523174518,6.834247041513234
651921.1989930404,6133502.260525804,4.262217527460423
651923.3662487662,6133502.335057621,1.8714912228936518
651886.8137609321,6133500.304674028,4.81079896846379
651885.22185327,6133498.8886030195,2.9234358771598528
651886.8447508598,6133500.42949757,3.9760198320901394
651888.9421470026,6133500.996642752,8.305646696881
651891.0731006187,6133501.1008500615,8.518201873446008
651893.2435443156,6133501.082658147,7.5721967157649575
651895.3579404895,6133501.155358711,4.099908924243855
651897.5230713922,6133501.291683798,2.670211342964152
651899.6716448414,6133501.396501109,1.7801572876341547
651901.8025982745,6133501.500713599,9.321409392408649
651901.2047743713,6133496.313258002,2.078083691341705
651903.3720328541,6133496.38777996,4.6338848039215685
651905.5569113051,6133496.462908865,5.564608216882259
651907.6878671271,6133496.567124157,6.9918961264281
651909.8903655116,6133496.642861097,4.683713372989645
651890.3614869475,6133495.631028546,6.610799165171687
651892.5213078865,6133495.921866039,6.4337005869763635
651894.6698839457,6133496.026680874,2.719179314984421
651896.8536999327,6133496.132708451,1.8577093758851855
651899.0188332946,6133496.269034229,0.6553569461492462
651889.5317526956,6133498.727390915,12.896772121770056
651889.1437594953,6133496.672042945,6.498417484971517
651888.6003734532,6133494.518533741,1.7044001589399804
651887.208659108,6133492.923708137,2.1047376113366694
651888.3868084998,6133494.573069929,1.064816727252699
651934.3853347243,6133497.392421015,12.297784282252227
651922.8244983819,6133497.056707612,2.2551822695370283
651936.4687444151,6133497.340317335,15.170297402668933
651924.975199457,6133497.09973125,3.4180947659962864
651938.5062855969,6133497.596032348,18.265791218172662
651927.1424577459,6133497.174264879,7.365555070342744
651929.2931588287,6133497.2172906175,10.272319953262203
651940.21346346,6133498.7376321815,21.580110274446856
651931.4251771232,6133497.290614395,11.011228578510055
651940.3935846974,6133496.578060136,15.180538507537847
651912.0410665942,6133496.685878434,0.7885404864192869
651914.2072622881,6133496.79130869,2.771565086708841
651916.3569006547,6133496.865231106,3.1935895847102884
651918.4889190162,6133496.938548636,6.591312789160608
651920.6748600566,6133496.982782047,6.599451578384163
651934.7170414219,6133494.928667027,8.888467606143582
651932.5674019656,6133494.85473569,7.640823183205867
651930.4156368787,6133494.84261135,5.843884253139458
651928.265997415,6133494.768682106,6.415160867717874
651926.1163579327,6133494.69475391,5.4736431089289646
651941.232637124,6133494.750546734,22.30027017829604
651942.7760411856,6133493.47323124,15.68490984877097
651941.0783086761,6133494.62148062,22.276062812765556
651939.0141945458,6133495.138338789,14.896455422056462
651936.8811123009,6133495.09591434,10.55336636058918
651891.6393363447,6133493.354501107,6.082257341138702
651889.6153383201,6133494.244035501,2.159791233909294
651888.1216232177,6133495.615895687,0.7422280710036824
651888.7235363929,6133493.501764468,3.0537917414156674
651888.4225796766,6133491.480348643,2.779642404714695
651902.3822224005,6133493.878583495,10.776420821137444
651900.197342697,6133493.803456182,0.4373677139395084
651898.0477029698,6133493.729541654,2.0256610368866648
651895.8815057899,6133493.624119351,4.212179956252164
651893.768168556,6133493.520515615,11.470762813552387
651887.2246843592,6133489.892187012,2.960970202687817
651885.4075202174,6133488.87058505,2.389140347150096
651887.0607917407,6133490.041249635,4.996515811380732
651923.9490984353,6133494.6202208055,2.662060259497057
651889.0034201179,6133491.005287043,6.169595647247663
651921.7983961697,6133494.577197687,4.110088557895068
651891.1643059242,6133491.265220852,5.340926749913448
651919.666376642,6133494.503878579,4.393729050609008
651917.4804343915,6133494.459645688,8.682981619614138
651915.3681602392,6133494.3251286335,7.642200138482359
651913.1843433362,6133494.219091915,7.775039439933277
651910.9984010429,6133494.174862233,4.132279667484972
651908.8476987549,6133494.131845423,6.900685133604004
651906.6815017608,6133494.026417817,9.476636511346111
651904.5671020849,6133493.953711891,7.900735785887389
651916.0490683862,6133491.966200795,9.136909679602178
651918.1987091159,6133492.040124069,7.072816837409121
651920.363844363,6133492.176460283,5.251682836055771
651922.5145477749,6133492.219482684,3.388268931167973
651924.6641884332,6133492.293409106,3.8421478141818524
651904.137944003,6133491.5566121135,6.8580732854939725
651906.2875848366,6133491.630529588,7.13045225112517
651909.5296660584,6133491.742013659,6.8304972972335
651911.7145468578,6133491.817145573,4.5389609495483585
651913.8818076316,6133491.891672652,2.805829143455135
651893.3203220684,6133491.153714132,7.472846933717308
651895.4710255719,6133491.196723358,4.135463876561861
651897.6372239431,6133491.302145439,1.7901770961193466
651899.8210422723,6133491.408174446,2.3012610943253704
651901.9883031505,6133491.482695686,15.814675589336858
651926.8325118579,6133492.337039569,9.280629386586096
651928.9810896985,6133492.441871068,7.115600804928713
651931.1307303002,6133492.515800641,16.823676450917446
651933.3166737182,6133492.560040272,16.636779360620654
651935.9452429544,6133492.557625103,14.355127584741762
651937.9475463695,6133492.812127815,16.010510594687315
651939.692092055,6133493.893133481,11.058192588833286
651943.2262274872,6133490.642278326,22.147317494413496
651940.5611165437,6133495.810333969,18.191533987190383
651941.150419563,6133491.499068234,17.91111458628395
651940.6510121892,6133493.709537774,18.390799086488528
651939.160870047,6133490.873728393,15.869532504012842
651941.5957852148,6133491.885660571,21.479285183174394
651937.1152714108,6133490.339280353,17.548176222736284
651934.9501353595,6133490.202935939,17.09900603499827
651932.8149251526,6133490.222319441,6.512506688068486
651930.7015862559,6133490.118698056,3.540951141692632
651928.5716900881,6133489.983568736,5.383759894407201
651926.420985498,6133489.940543406,8.028079560475875
651924.2724064419,6133489.8357131705,2.390418948478268
651890.0078498224,6133488.471842242,8.77499173826834
651888.139242622,6133489.459538661,1.9912617434614295
651888.1057730655,6133487.354501135,4.122567215088282
651887.2324744225,6133485.560923303,3.8247022825984325
651885.6902338221,6133484.2393785985,3.841004449532622
651887.4294822563,6133485.474878262,3.857269733736191
651889.5071405207,6133486.103223742,11.413029045888019
651891.6567838913,6133486.177134051,6.220149576684606
651893.827234912,6133486.158942304,6.70278469533881
651895.9592582625,6133486.2322488725,2.1215438422560036
651911.44716046,6133489.332789262,4.813454525068455
651909.3162011397,6133489.228572217,3.0115856033424606
651907.1665591127,6133489.154653288,4.661841913731785
651905.0179796936,6133489.049832428,9.606512900103862
651902.8507175971,6133488.97530972,5.565161457841564
651922.1580046212,6133489.762998854,4.951395937588519
651920.0083627515,6133489.689073672,3.9388297453812986
651917.8587208629,6133489.615149534,9.139614413181002
651915.7277616728,6133489.510929392,5.738928296037516
651913.6320424668,6133489.407922104,4.771936864633494
651900.6845180774,6133488.869885101,1.9475802961634092
651898.5514333815,6133488.827479208,1.2256991982186134
651896.4028538119,6133488.722662542,4.886912630220627
651894.253211642,6133488.648749902,13.478498843357567
651892.1254396164,6133488.451832219,7.851546517483398
651898.1430790994,6133486.338277007,1.215630212759261
651900.3103424519,6133486.412797384,3.023228251974947
651902.4776057855,6133486.487318823,6.116152570578794
651904.6801091534,6133486.563053084,3.0960470564630347
651906.8121323951,6133486.636364894,3.0502018223019545
651909.5432365205,6133486.730278222,2.6469260456991783
651911.6939424188,6133486.77329531,3.2812967181254526
651913.8788256935,6133486.848428253,8.92553475041702
651916.046088923,6133486.922956354,3.1132712916627323
651918.1967948249,6133486.965976612,8.318002411638814
651884.6724293231,6133480.491643929,2.941471532433198
651886.6919176903,6133481.272685545,2.3467375011802476
651888.8324434267,6133481.098764791,1.5835354506971329
651891.0183918483,6133481.142983398,5.702906162464986
651893.2022151989,6133481.2490090495,1.844886479872848
651931.1816909444,6133487.443470885,3.734179767412583
651933.3841940712,6133487.519219467,3.8466106245869134
651935.4831027074,6133487.52952719,17.128057332483554
651937.5975057024,6133487.602247869,13.118929102539893
651939.471770974,6133488.5020776335,15.933056860384603
651939.759737754,6133486.2843357455,7.200492556573191
651940.8331663639,6133484.310185637,2.3263659396342806
651942.4780423992,6133483.1601180285,1.0451336433449785
651940.7231946371,6133484.430161397,4.2736634681962675
651938.7221160278,6133485.165764675,7.840346461618355
651920.3453752727,6133487.070803867,8.334648817392125
651922.512638445,6133487.145335142,3.8293126239259747
651924.6799015985,6133487.219867482,6.978974876467441
651926.8471647329,6133487.294400886,8.194014965536777
651929.0144278479,6133487.368935353,6.217690727976584
651925.7527073947,6133484.750660255,2.4417842979888587
651923.5502029498,6133484.674915502,3.17409091445567
651921.3994958531,6133484.631892658,8.092599750574387
651919.2332941806,6133484.526458972,3.4555430318194693
651917.0660297496,6133484.451929326,13.491321739369905
651914.9526881026,6133484.348315525,3.9155690366034053
651912.7667409033,6133484.304085049,10.1016635586819
651910.617096452,6133484.23016448,1.73161961413779
651908.4674519819,6133484.156244959,5.114245487520851
651906.3001874563,6133484.081720599,5.387202282598433
651936.5639690233,6133485.339055259,13.105700496490732
651934.4361962415,6133485.1421171995,0.466898486922859
651932.2731832517,6133484.943968192,3.1718410678878293
651930.10485612,6133484.90033512,2.532073222547446
651927.9199717493,6133484.825194165,1.989552843609354
651917.0555072718,6133482.192982415,6.424074194284455
651919.186469998,6133482.297203141,6.03400243524376
651921.3713555482,6133482.372339754,1.6772667634469518
651923.5562410789,6133482.44747745,1.324741624177761
651925.7058865014,6133482.521404301,2.2835573836276084
651904.1516055673,6133483.9769002,3.4326880330783998
651902.0019610258,6133483.902983827,4.463621825134548
651899.8357590165,6133483.797559663,0.7717834324741133
651897.7026718867,6133483.75515422,0.9513162708903786
651895.5551524055,6133483.619435031,4.41144505555031
651893.4252528842,6133483.484322718,4.759396736222579
651890.231333003,6133484.024236425,4.182600006294653
651888.4919966067,6133485.356712065,2.7480339045730653
651887.5567175215,6133483.313487083,3.9355471823560886
651886.3806894659,6133481.602319629,3.6208883131904446
651906.1839391974,6133481.819138497,7.949310342114374
651908.3501421851,6133481.9245657595,6.123971709470305
651910.5702679221,6133482.0009088125,1.821515122903094
651912.7022934129,6133482.07422343,3.780897892865011
651914.8871790203,6133482.149356834,4.9651777845969844
651895.3497358492,6133481.384727076,0.524177367576244
651897.5180641811,6133481.428343064,0.9427103004122998
651899.6842673513,6133481.533766069,0.9818920545746388
651901.8515330738,6133481.608287162,2.915616738268341
651904.0166735434,6133481.744615276,4.923795360840965
651927.8907719938,6133482.596544141,1.0023619700689264
651930.0404173785,6133482.670473104,1.2298300640480913
651932.224240018,6133482.776518063,3.4782259111509775
651934.4267454807,6133482.852267127,6.141048413747521
651936.5235306631,6133482.924381255,13.13941131227772
