"Latitude","Longitude","plot","id","Dicot_count","Monocots_count","Dicot_cover","Monocots_cover"
55.32527,11.3941419444444,"302a",1,96,3,7.00255523557738,2.3921155540868
55.3252030555556,11.3941411111111,"303b",1,84,2,4.23219498473547,0.81075618449627
55.3252286111111,11.3941427777778,"303a",1,111,7,4.51949916202436,1.21081086929154
55.3251352777778,11.3941411111111,"305a",1,52,4,1.56010262250968,2.41194616891701
55.3250225,11.3941413888889,"307b",1,111,2,6.82273962955969,0.640370263273849
55.3251836111111,11.3941516666667,"304a",1,45,1,2.55005970084663,1.27282303370787
55.3251144444444,11.3941505555556,"305b",1,63,0,3.06324601469801,0
55.3253094444444,11.3941630555556,"301a",1,156,4,11.3545207408806,0.264129528215781
55.3251594444444,11.3941544444444,"304b",1,45,3,1.86246724813521,3.60486891385768
55.3250002777778,11.3941472222222,"308a",1,168,19,9.55404106867466,0.595324154942876
55.3252477777778,11.3941638888889,"302b",1,112,1,6.4439171033582,0.398333490699651
55.3252894444444,11.3941697222222,"301b",1,140,8,13.1507834875523,1.58858838479212
55.3249316666667,11.3941483333333,"309b",1,22,8,0.500916658798351,2.49603879473138
55.3250458333333,11.3941569444444,"307a",1,130,1,7.98827079989299,1.7520034699273
55.3249783333333,11.3941530555556,"308b",1,209,10,15.6485926533535,1.04947351131464
55.3248619444445,11.3941463888889,"311a",1,226,21,10.6099567636043,4.81939264469833
55.3248172222222,11.3941475,"312a",1,436,17,24.885663535077,6.14150330075851
55.32527,11.394175,"302a",1,81,5,3.27778056447298,1.01026716866522
55.324955,11.3941561111111,"309a",1,200,5,12.8278260039971,0.179434484467944
55.3250919444444,11.394165,"306a",1,76,3,3.17856601910427,0.0636472988071633
55.3248855555556,11.3941527777778,"310b",1,129,3,6.22536233594561,1.77460028955402
55.3250672222222,11.3941644444444,"306b",1,128,1,8.36299934299563,0.0110525249425613
55.324705,11.3941436111111,"401b",1,271,7,14.7776069697542,4.77662097142228
55.3252286111111,11.3941758333333,"303a",1,75,1,3.95615233452932,0.176569925723098
55.3252030555556,11.394175,"303b",1,67,0,2.74033770811695,0
55.3248405555556,11.3941561111111,"311b",1,278,34,12.756826747553,2.36241266169389
55.3247961111111,11.3941538888889,"312b",1,300,57,15.3676568942184,5.9158916375539
55.3251352777778,11.3941744444444,"305a",1,63,1,4.09783119708558,0.00459804708400214
55.3246147222222,11.3941444444444,"403b",1,60,1,2.28077888458754,0.439568383533189
55.3245488888889,11.3941416666667,"405a",1,98,5,4.44013981997293,3.32042929531363
55.3249080555556,11.3941655555556,"310a",1,174,9,12.9391503792528,2.53804822490794
55.3247247222222,11.3941558333333,"401a",1,402,58,24.3177801317156,7.06970639379347
55.3250222222222,11.394175,"307b",1,132,2,5.4749094160136,0.0705812521637869
55.3251833333333,11.394185,"304a",1,61,3,2.07501013045668,1.81658513124351
55.3245716666667,11.3941505555556,"404b",1,110,2,4.9361264871117,2.31744031882416
55.3251144444444,11.3941844444444,"305b",1,57,6,3.39565777153558,1.88539601233752
55.3251591666667,11.3941880555556,"304b",1,59,0,2.75823812671136,0
55.3253088888889,11.3941988888889,"301a",1,154,5,11.9403537398105,0.128241254366915
55.3250002777778,11.3941805555556,"308a",1,283,4,26.2869245310484,0.325059799200579
55.3252477777778,11.3941975,"302b",1,131,0,8.43231428807478,0
55.32529,11.3942025,"301b",1,201,4,10.7396610329525,0.819202329808328
55.3249325,11.3941816666667,"309b",1,47,9,1.50870039026847,7.33331956378057
55.3249783333333,11.3941863888889,"308b",1,275,1,25.1650748080131,0.0374359715796431
55.3250458333333,11.3941905555556,"307a",1,185,0,9.64105972445158,0
55.3244608333333,11.3941558333333,"407a",1,71,6,2.68496443521229,2.0317098047084
55.3248619444445,11.3941802777778,"311a",1,303,3,12.4963240211815,0.239786926006358
55.3243488888889,11.3941511111111,"409b",1,48,3,1.85770937588519,0.214755846158688
55.3246375,11.3941688888889,"403a",1,55,4,1.69525324174614,0.158079383438769
55.3245041666667,11.3941611111111,"406a",1,112,1,9.05389894721934,0.988838302174803
55.32466,11.3941705555556,"402b",1,70,26,2.81063619267932,3.33014174771032
55.3244813888889,11.3941605555556,"406b",1,32,8,2.03754957038995,2.59431897759104
55.3246816666667,11.3941730555556,"402a",1,89,14,3.89026748339785,1.07647167012873
55.32527,11.3942086111111,"302a",1,184,3,9.73700400103862,0.0868219478802757
55.3249552777778,11.3941897222222,"309a",1,270,2,18.8703729385012,0.114791351934032
55.3248169444444,11.3941816666667,"312a",1,267,31,15.1852103200831,2.20268584962075
55.3248858333333,11.3941861111111,"310b",1,292,1,20.1235374767885,0.0312765555660466
55.3250922222222,11.3941988888889,"306a",1,114,1,5.18132288027571,1.09763006326126
55.3250672222222,11.3941977777778,"306b",1,172,0,6.44003212239952,0
55.3247052777778,11.3941775,"401b",1,177,19,9.42957414707456,1.31083683473389
55.3252286111111,11.3942091666667,"303a",1,99,2,7.35021185440468,0.529119653479369
55.3245941666667,11.3941711111111,"404a",1,46,1,1.5840763974129,0.0775152055204104
55.3252027777778,11.3942088888889,"303b",1,79,3,5.36533082334057,0.520673508167312
55.3244402777778,11.3941636111111,"407b",1,21,5,0.837926462719919,0.871170097252384
55.3245272222222,11.3941708333333,"405b",1,26,9,1.93930627026091,7.62963542158436
55.3248402777778,11.3941897222222,"311b",1,347,4,25.564416426683,1.64731798618324
55.3251352777778,11.3942080555556,"305a",1,114,0,7.15709387687659,0
55.3247961111111,11.3941880555556,"312b",1,292,13,16.3498931876121,0.520353857835269
55.3242166666667,11.3941536111111,"412b",1,42,4,0.9427103004123,1.21280253674504
55.324395,11.3941644444444,"408b",1,47,13,2.67021134296415,10.634987843452
55.3246152777778,11.3941783333333,"403b",1,51,2,2.74593158892771,0.0873874830831209
55.3243052777778,11.3941608333333,"410b",1,46,4,1.79017709611935,1.65835821688226
55.3245491666667,11.3941758333333,"405a",1,48,1,2.54016283479684,0.0615326889182639
55.3242375,11.3941577777778,"412a",1,30,4,0.951316270890379,0.859650391055299
55.3249083333333,11.3941994444444,"310a",1,160,8,11.8784030466119,3.16389898656092
55.3247255555556,11.39419,"401a",1,321,16,16.9946770843169,0.881398907877758
55.324415,11.3941716666667,"408a",1,45,5,2.31214149985837,3.67280690366034
55.3251830555556,11.3942180555556,"304a",1,128,1,8.74552243650269,0.95694703443175
55.3250225,11.3942088888889,"307b",1,232,0,12.6306509261008,0
55.3243269444445,11.3941686111111,"410a",1,53,12,2.02566103688666,1.99099127010355
55.3243730555556,11.3941727777778,"409a",1,44,8,2.18088815582413,3.94609564331351
55.3242605555556,11.3941661111111,"411b",1,30,4,1.21563021275926,2.03522595836087
55.3251144444444,11.3942177777778,"305b",1,159,1,10.5475143006641,0.862465772825984
55.3245716666667,11.3941852777778,"404b",1,90,4,3.37721640622541,1.36512821420703
55.3251588888889,11.3942216666667,"304b",1,159,0,11.5387745688163,0
55.3250005555556,11.3942147222222,"308a",1,275,3,21.4253872194945,0.427827380952381
55.3253086111111,11.3942338888889,"301a",1,150,2,10.8347078297611,0.0180848322475057
55.3252477777778,11.3942308333333,"302b",1,156,3,7.4874647892865,0.0526316565952224
55.3252902777778,11.3942344444444,"301b",1,168,0,9.16132604727284,0
55.3242827777778,11.3941738888889,"411a",1,28,6,1.22569919821861,3.85543789144871
55.3249327777778,11.394215,"309b",1,64,3,5.24788391480188,4.50081191184339
55.3249783333333,11.39422,"308b",1,300,2,24.0337339289648,1.17819424117962
55.3250461111111,11.3942241666667,"307a",1,162,1,8.94670543779309,1.27051171592232
55.3244602777778,11.3941894444444,"407a",1,19,5,1.01989356135713,1.18902546973846
55.3248619444444,11.3942147222222,"311a",1,426,1,21.1271780481856,0.779258332546502
55.3245044444445,11.3941944444444,"406a",1,66,8,2.83411819784093,2.03212780898876
55.3246377777778,11.3942025,"403a",1,171,3,6.76759994728228,0.772029317344916
55.3243494444444,11.3941852777778,"409b",1,15,15,0.655356946149246,8.19588369055487
55.3246602777778,11.3942044444444,"402b",1,164,2,9.34133836118717,0.341915207094074
55.3252697222222,11.3942416666667,"302a",1,115,2,6.87243296194882,0.0425995538664904
55.3244811111111,11.3941941666667,"406b",1,72,7,3.62733049680546,8.20653050546061
55.3246819444444,11.3942072222222,"402a",1,303,4,17.6321459061153,4.34029826818368
55.3249552777778,11.3942238888889,"309a",1,296,2,18.3456423299657,1.27540482485129
55.3248861111111,11.3942197222222,"310b",1,303,3,14.085195173575,2.22013138120417
55.3250919444444,11.3942325,"306a",1,160,1,7.91269808485192,0.023236120290813
55.3248172222222,11.3942161111111,"312a",1,465,7,27.0036912236805,2.18942036084097
55.3250669444445,11.3942316666667,"306b",1,174,0,7.39809793299342,0
55.3247052777778,11.3942111111111,"401b",1,387,4,24.2842906123123,1.01696753139458
55.3252283333333,11.3942427777778,"303a",1,123,1,8.87873056525981,0.861383879394454
55.3245944444445,11.3942052777778,"404a",1,160,1,9.98575343058572,1.91241875963869
55.3252025,11.3942422222222,"303b",1,122,0,7.8212043244264,0
55.3244402777778,11.3941969444444,"407b",1,26,2,1.10699827683883,0.0160808705504674
55.3245277777778,11.3942044444444,"405b",1,185,5,10.5180204104114,2.75573010102918
55.3251352777778,11.3942413888889,"305a",1,150,2,8.92774771425424,0.0508981682560665
55.3248402777778,11.3942238888889,"311b",1,471,3,31.2071422670192,1.94569927690177
55.3247963888889,11.3942216666667,"312b",1,415,19,19.7361458628395,5.60960514823907
55.3243952777778,11.3941983333333,"408b",1,28,8,1.78015728763415,8.68534211437384
55.3242169444444,11.3941877777778,"412b",1,32,3,0.981892054574639,0.147432568533031
55.3246155555556,11.3942122222222,"403b",1,165,4,9.99821979353539,1.06843123485349
55.3245494444445,11.3942094444444,"405a",1,111,1,5.49396549350077,0.0639300664085859
55.3243055555556,11.3941952777778,"410b",1,45,2,2.30126109432537,0.176655985427879
55.3242372222222,11.3941913888889,"412a",1,32,2,0.771783432474113,0.0978130016051364
55.3249083333333,11.3942336111111,"310a",1,357,2,21.1202440948289,1.11265362886728
55.3244147222222,11.3942052777778,"408a",1,59,6,2.84514613429642,3.38805992902779
55.3251827777778,11.3942516666667,"304a",1,153,2,9.02036025084191,0.853958156296226
55.3247252777778,11.3942241666667,"401a",1,396,5,25.3076388561042,1.58644918641614
55.3250227777778,11.3942425,"307b",1,237,0,17.1761770016996,0
55.3243269444445,11.3942025,"410a",1,9,2,0.437367713939508,1.53587066849212
55.3243730555556,11.3942061111111,"409a",1,56,3,2.609477779876,0.240905702168508
55.3245713888889,11.3942188888889,"404b",1,257,3,18.4870015421899,0.815932061026658
55.3251144444444,11.3942516666667,"305b",1,131,13,8.14486257986341,9.15639605561326
55.3242605555556,11.3942002777778,"411b",1,57,4,3.02322825197495,1.18461183630756
55.3251588888889,11.3942552777778,"304b",1,210,1,11.4313105860322,1.62382368677808
55.3250005555556,11.3942483333333,"308a",1,219,4,14.8053181946936,1.52229782362383
55.3252483333333,11.3942638888889,"302b",1,164,0,16.5301636806408,0
55.32529,11.3942666666667,"301b",1,155,0,6.38007309665439,0
55.3242825,11.3942075,"411a",1,45,5,1.94758029616341,0.420967193056998
55.3253086111111,11.3942697222222,"301a",1,234,2,41.5981262589305,0.0449969313568124
55.3249327777778,11.3942486111111,"309b",1,55,4,2.72130621911686,9.65480468872942
55.3249786111111,11.3942538888889,"308b",1,268,1,16.011801490259,1.37616844490605
55.3250461111111,11.3942580555556,"307a",1,192,0,9.00994702656343,0
55.3248619444444,11.3942483333333,"311a",1,393,2,16.7350718377239,0.0448125177037107
55.3244608333333,11.3942241666667,"407a",1,100,4,7.00182987520851,2.79818212397318
55.3245044444445,11.3942286111111,"406a",1,159,6,8.81984113870267,6.80155664794007
55.3244811111111,11.3942275,"406b",1,141,10,11.1499076456425,11.3553198667107
55.3246602777778,11.3942383333333,"402b",1,292,8,20.4336597700878,7.54698122226419
55.3243491666667,11.3942197222222,"409b",1,56,5,2.07808369134171,3.00870875035407
55.3252691666667,11.3942752777778,"302a",1,106,1,6.17770984798414,0.0370794385169798
55.3246380555556,11.3942372222222,"403a",1,406,1,20.594935656847,0.912257459163441
55.3249555555556,11.3942577777778,"309a",1,280,0,20.15910472335,0
55.3248861111111,11.3942536111111,"310b",1,369,1,18.4837558618953,0.0209002140181915
55.3250922222222,11.3942661111111,"306a",1,166,1,8.12396236584521,0.605466905863469
55.3246822222222,11.3942419444444,"402a",1,372,7,18.904919762849,6.87058882541781
55.3250672222222,11.3942652777778,"306b",1,184,0,11.2649571766909,0
55.3248175,11.3942502777778,"312a",1,480,3,23.3074883745633,1.86541786658484
55.3247052777778,11.3942447222222,"401b",1,384,2,37.809544463853,0.191384489188934
55.3252280555556,11.3942763888889,"303a",1,103,1,7.23562950461083,0.580718593617222
55.3252027777778,11.3942758333333,"303b",1,110,4,7.52349921710257,4.87428644210493
55.3244405555556,11.3942302777778,"407b",1,143,5,7.8667790852296,3.2760716646209
55.3245944444445,11.3942397222222,"404a",1,387,0,16.2258196818053,0
55.3245280555555,11.3942380555556,"405b",1,224,5,13.2694106434709,4.6700913511472
55.3251352777778,11.3942747222222,"305a",1,171,3,9.04295707046864,0.538746046171278
55.3248405555556,11.3942577777778,"311b",1,403,2,22.2718335929878,1.56718410678878
55.3247966666667,11.3942555555556,"312b",1,409,19,18.5721514729487,7.87268032212885
55.3243955555556,11.3942319444444,"408b",1,200,0,9.32140939240865,0
55.3246155555556,11.3942455555556,"403b",1,313,1,17.7617887042457,2.84518301702704
55.3242169444444,11.3942219444444,"412b",1,89,2,2.91561673826834,0.962799094356844
55.3245494444444,11.3942438888889,"405a",1,285,3,16.2008131904447,4.1488400135335
55.3243055555556,11.3942294444444,"410b",1,288,4,15.8146755893369,0.435929287445315
55.3242375,11.3942255555556,"412a",1,109,6,4.46362182513455,0.31747425093633
55.3249086111111,11.3942669444444,"310a",1,323,4,19.8548467842193,3.52715700044063
55.3251827777778,11.3942852777778,"304a",1,122,7,9.65945191278759,3.76690704371636
55.3244147222222,11.3942391666667,"408a",1,189,2,10.2163319681805,0.0636350045636232
55.3247255555556,11.3942580555556,"401a",1,369,0,21.8683734027319,0
55.3250227777778,11.3942761111111,"307b",1,157,0,7.04537608582759,0
55.3243269444445,11.3942369444444,"410a",1,255,4,10.7764208211374,1.4573719234885
55.3243730555556,11.3942402777778,"409a",1,173,5,6.16628849573537,2.05079047068266
55.3245716666667,11.3942527777778,"404b",1,223,1,15.1863782732194,0.0361450760079313
55.3251144444444,11.3942855555556,"305b",1,117,11,6.69142481430775,8.71476223916533
55.3242605555556,11.3942344444444,"411b",1,127,1,6.11615257057879,0.0319281504736726
55.3250008333333,11.3942825,"308a",1,208,0,11.1821431522047,0
55.3242827777778,11.3942416666667,"411a",1,115,3,5.56516145784156,0.748780902810562
55.3249327777778,11.3942822222222,"309b",1,147,6,8.97844917461367,5.34818035360211
55.3249786111111,11.3942872222222,"308b",1,179,0,12.9867536902401,0
55.3248619444444,11.3942822222222,"311a",1,298,6,16.3200550585403,0.277530253674504
55.3244605555556,11.3942580555556,"407a",1,81,4,4.12378434519875,0.24116388128285
55.3245047222222,11.3942627777778,"406a",1,173,3,11.9834204749315,1.69690067038051
55.3246605555556,11.3942722222222,"402b",1,261,2,20.1107637577503,0.551962357976899
55.3244811111111,11.3942616666667,"406b",1,132,14,8.9186007970604,16.4858798154093
55.3243491666667,11.3942538888889,"409b",1,114,2,4.63388480392157,1.48300542126963
55.3246380555555,11.3942713888889,"403a",1,212,5,10.268877565071,1.30773868536179
55.3248861111111,11.3942875,"310b",1,269,8,13.4243427005634,2.93336962594026
55.3246825,11.3942755555556,"402a",1,259,1,13.5503586968495,1.41983759796053
55.3248177777778,11.3942844444444,"312a",1,453,4,25.1092466480974,0.924256640858591
55.3247055555556,11.3942788888889,"401b",1,416,2,23.2544018309571,0.0928215387278507
55.3244405555556,11.3942644444444,"407b",1,81,0,3.5005768459069,0
55.3245944444445,11.3942741666667,"404a",1,170,8,11.1490593428383,5.95011881156957
55.3245280555556,11.3942722222222,"405b",1,167,9,8.29118866647783,7.44582418641614
55.3243955555556,11.3942663888889,"408b",1,146,13,9.86616732367104,18.5540543464577
55.3246158333333,11.3942797222222,"403b",1,189,2,10.1332720588235,1.87069209706354
55.3242175,11.3942561111111,"412b",1,155,2,4.92379536084097,0.497744743965002
55.3245494444445,11.3942777777778,"405a",1,184,5,12.3628208305794,2.94188953671356
55.3243055555556,11.3942633333333,"410b",1,105,55,6.85807328549397,3.38229392880748
55.3242375,11.3942594444444,"412a",1,92,0,3.4326880330784,0
55.324725,11.3942916666667,"401a",1,385,4,20.143786095899,1.08586447219337
55.3244147222222,11.3942730555556,"408a",1,119,4,7.90629278396752,2.12399039672049
55.3243269444445,11.3942713888889,"410a",1,190,1,7.90073578588739,0.0313749095143675
55.3245719444445,11.3942863888889,"404b",1,225,1,12.0063246506468,0.100616089132282
55.3243730555556,11.3942744444444,"409a",1,183,2,9.96999221036729,0.763583172032858
55.3242605555556,11.3942691666667,"411b",1,81,20,3.09604705646303,1.05761230053819
55.3242827777778,11.3942758333333,"411a",1,222,5,9.60651290010386,0.369663314764108
55.3244605555556,11.3942916666667,"407a",1,106,1,5.86580488937148,2.18943265508451
55.3244808333334,11.3942947222222,"406b",1,181,8,11.0606391432978,9.37726214081138
55.3243491666667,11.3942883333333,"409b",1,110,4,5.56460821688226,0.370634560003777
55.3242175,11.3942902777778,"412b",1,181,2,7.94931034211437,0.415803610770151
55.3243055555556,11.3942972222222,"410b",1,109,60,7.13045225112517,3.8539011110062
55.3242377777778,11.3942933333333,"412a",1,127,0,5.38720228259843,0
55.3252680555556,11.3945133333333,"102a",104,48,4,1.46332233736191,3.88622267727316
55.3253080555556,11.3945177777778,"101a",102,79,4,5.49627681128631,0.758013879709187
55.3252005555555,11.3945122222222,"103b",107,101,1,5.16567230824914,0.384760645831366
55.3252275,11.3945144444444,"103a",106,56,0,2.23472464828628,0
55.325135,11.3945127777778,"105a",110,136,2,8.09974270607119,0.895697113114909
55.3252891666667,11.3945261111111,"101b",103,64,6,2.98675123139143,0.561428925502785
55.3251822222222,11.3945219444444,"104a",108,70,1,2.87671775170742,0.0397595836087244
55.3250019444444,11.3945191666667,"108a",204,162,6,14.2017323080918,0.287574650646776
55.3252477777778,11.3945344444444,"102b",105,58,4,2.45685704056904,0.663827679948384
55.3251583333333,11.3945316666667,"104b",109,71,4,2.67880501919869,0.0597377293614075
55.3249322222222,11.3945183333333,"109b",207,210,1,15.7637651268373,0.023236120290813
55.3250463888889,11.3945280555556,"107a",202,141,3,8.58863559468731,0.0853712271425424
55.3248627777778,11.3945194444444,"111a",210,191,6,15.3241967433041,0.235963416265383
55.3249569444444,11.3945286111111,"109a",206,195,3,13.0681169939886,2.04854062411481
55.3250663888889,11.3945352777778,"106b",201,60,2,5.31231804519561,0.0487589698800869
55.3252680555555,11.3945475,"102a",104,77,3,3.92507248685991,1.13775847417619
55.3250916666667,11.3945372222222,"106a",112,78,3,3.9998829588015,0.104144537028294
55.3251136111111,11.3945386111111,"105b",111,160,2,13.0728256892645,0.0844368646334938
55.3248186111111,11.3945230555556,"112a",212,287,4,18.630770426148,4.43959887325717
55.3249788888889,11.3945327777778,"108b",205,179,6,16.2949625074749,1.37197610785887
55.3252005555555,11.3945463888889,"103b",107,99,3,4.96128050939477,1.02229093884745
55.3253077777778,11.3945530555556,"101a",102,143,6,11.7150125499638,0.510592228464419
55.3252272222222,11.3945488888889,"103a",106,128,1,5.35275381219904,1.51111006200233
55.3248411111111,11.3945288888889,"111b",211,280,3,16.7962971705536,0.101206212822208
55.3251352777778,11.3945469444444,"105a",110,91,4,6.51233456865892,1.59219059814937
55.3252891666667,11.3945583333333,"101b",103,118,5,7.21429899206874,1.64554761511346
55.3249091666667,11.3945380555556,"110a",208,217,2,20.5808095710194,0.237451019733736
55.3248861111111,11.3945372222222,"110b",209,281,1,21.2550504752463,0.015601395052403
55.3251822222222,11.3945552777778,"104a",108,95,2,3.98383897098165,0.0452182277405344
55.3250225,11.3945458333333,"107b",203,155,6,7.8470714128348,0.317449662449249
55.3247275,11.3945288888889,"201a",1,192,5,12.3546820413559,0.854413043307211
55.3247975,11.3945361111111,"112b",212,360,3,21.7850307257735,0.0279571098102162
55.3246391666667,11.3945272222222,"203a",1,47,9,4.35523577408491,9.78415242501495
55.3245722222222,11.3945233333333,"204b",1,116,6,5.95632740455733,0.758505649450792
55.3246169444444,11.3945266666667,"203b",1,46,12,2.12008082727473,8.64001323844144
55.3250019444444,11.3945527777778,"108a",204,193,9,12.1027238142448,0.811911843389041
55.3252477777778,11.3945677777778,"102b",105,95,3,3.50167103358197,0.35245137380795
55.3251580555556,11.3945652777778,"104b",109,72,2,3.50811321719699,0.498802048909451
55.3249322222222,11.3945519444444,"109b",207,206,6,20.3889947833066,2.55903449863091
55.3250461111111,11.3945619444444,"107a",202,144,7,11.2526998158814,1.32877413605892
55.3248630555556,11.3945530555556,"111a",210,300,7,26.8662046981714,2.64238946983288
55.32446,11.3945294444444,"207a",1,144,15,8.20535025808076,5.0786167697416
55.3245052777778,11.3945333333333,"206a",1,150,4,6.88746882179838,0.235360998331917
55.3244813888889,11.3945319444444,"206b",1,134,12,7.29326491832688,0.393489558744846
55.3246613888889,11.3945436111111,"202b",1,122,2,9.92717136011708,0.100739031567683
55.3250663888889,11.3945686111111,"106b",201,101,2,4.62486082916313,0.944640496648097
55.3249569444444,11.3945622222222,"109a",206,172,5,15.9562560979448,1.24096864869543
55.3252686111111,11.3945813888889,"102a",104,138,5,6.05967281575552,0.285373981053095
55.3251136111111,11.3945725,"105b",111,102,1,4.49210758741699,0.0348172977055991
55.3250913888889,11.3945713888889,"106a",112,89,2,5.44599335520725,0.133884312151827
55.3243491666667,11.3945266666667,"209b",1,121,9,6.59945157838416,6.08588414298304
55.3247058333333,11.3945491666667,"201b",1,213,3,14.3120116726466,0.107033684260221
55.3249788888889,11.3945663888889,"108b",205,124,9,11.1259092822522,1.82816630865829
55.3246838888889,11.3945486111111,"202a",1,179,0,13.5995848479841,0
55.3248186111111,11.3945569444444,"112a",212,399,4,24.9649614059107,0.118246034368804
55.3252002777778,11.39458,"103b",107,86,4,3.50323240251157,0.69064142510937
55.3253075,11.3945866666667,"101a",102,148,3,9.06584895194033,1.56349583372675
55.3244405555556,11.394535,"207b",1,136,10,6.99876860856702,0.48334818477953
55.3252272222222,11.3945827777778,"103a",106,115,5,5.39284534038334,0.367585587605829
55.3245947222222,11.3945475,"204a",1,105,10,6.03304348424763,4.390200602713
55.3245288888889,11.3945438888889,"205b",1,72,4,3.5922181372549,0.254613783715734
55.3248411111111,11.3945627777778,"111b",211,299,2,18.3515804495956,0.060229499103012
55.325135,11.3945811111111,"105a",110,101,2,5.58592643518081,0.0274161630944513
55.3243963888889,11.3945377777778,"208b",1,115,8,4.26221752746042,0.28482074009379
55.3252894444445,11.3945938888889,"101b",103,179,2,9.47695616167815,0.858175081830485
55.3245502777778,11.3945497222222,"205a",1,168,5,8.49237166776823,1.96205062081012
55.3242177777778,11.3945297222222,"212b",1,54,13,1.67726676344695,6.86872010039971
55.3242380555556,11.3945313888889,"212a",1,94,37,8.09259975057439,8.54497873587637
55.3249091666667,11.3945719444444,"110a",208,191,2,16.5878851540616,0.155190236206842
55.3248861111111,11.3945708333333,"110b",209,206,2,11.8648056132565,0.0511932301010292
55.3250225,11.3945791666667,"107b",203,113,5,6.9312117403141,0.171885818934315
55.3251822222222,11.3945894444444,"104a",108,92,2,3.96715568249772,0.0271088070059484
55.3244158333333,11.3945433333333,"208a",1,142,6,5.29295461161993,0.156972901520159
55.3247277777778,11.3945627777778,"201a",1,243,5,10.168519655053,0.724106356025556
55.3247972222222,11.39457,"112b",212,352,4,18.9279591752431,1.07771338872628
55.3246391666667,11.3945611111111,"203a",1,46,6,4.64164247159538,4.71669882840777
55.3245722222222,11.3945572222222,"204b",1,194,5,12.0077999598716,1.05211677367576
55.3243272222222,11.3945430555556,"210a",1,113,15,4.11008855789507,0.639485077738961
55.3246169444444,11.3945605555556,"203b",1,34,7,1.50381957558304,9.30371797595443
55.3243733333333,11.3945461111111,"209a",1,146,19,5.28222173700941,1.02938471737009
55.3252477777778,11.3946016666667,"102b",105,152,2,6.55868386680515,0.902692537689233
55.3250019444444,11.3945869444444,"108a",204,135,4,5.83112282834482,0.897811723003808
55.3242838888889,11.3945461111111,"211a",1,141,20,4.95139593758852,0.70814842791049
55.3251580555556,11.3945988888889,"104b",109,116,0,6.26447032464671,0
55.3249322222222,11.3945858333333,"109b",207,172,3,9.47169422544299,1.79192287870204
55.3250461111111,11.3945958333333,"107a",202,86,3,4.46165474616813,0.239184508072892
55.3242602777778,11.3945502777778,"211b",1,110,12,3.82931262392597,0.475000393415793
55.3243058333333,11.3945530555556,"210b",1,102,17,3.38826893116797,0.607999520032732
55.3248630555556,11.3945872222222,"111a",210,173,4,9.88844449296572,1.95173575047997
55.32446,11.3945633333333,"207a",1,113,14,4.66363687328864,6.82055125420955
55.3245055555556,11.3945666666667,"206a",1,166,12,8.24798669467787,1.77611248150946
55.3244813888889,11.3945658333333,"206b",1,84,7,2.82088959179177,2.41844982374972
55.3246616666667,11.3945772222222,"202b",1,132,3,5.73681368614862,0.067864224341422
55.3250663888889,11.3946019444444,"106b",201,45,3,2.00217903172505,0.120262290309382
55.3252688888889,11.3946147222222,"102a",104,203,3,8.34105411827652,0.0342394682592138
55.3249572222222,11.3945961111111,"109a",206,226,2,16.0488317518018,0.101120153117427
55.3251138888889,11.3946061111111,"105b",111,133,0,8.56927216111164,0
55.3243491666667,11.3945605555556,"209b",1,68,15,2.25518226953703,10.4894362941806
55.3250913888889,11.3946055555556,"106a",112,135,1,12.4289392723381,0.0202240306234854
55.3247061111111,11.3945830555556,"201b",1,215,2,11.7554851996979,0.0292357111383879
55.3253069444445,11.3946194444444,"101a",102,210,4,9.84305414581563,0.656475722311397
55.3252002777778,11.3946133333333,"103b",107,183,5,8.56179726103925,4.06134188225852
55.3249788888889,11.3946002777778,"108b",205,161,2,9.61253707943852,1.33533926210934
55.3248186111111,11.3945911111111,"112a",212,271,2,14.6077619952475,0.151268372517546
55.3246838888889,11.3945830555556,"202a",1,195,5,11.9740276728669,1.4182639347874
55.3244405555556,11.3945686111111,"207b",1,133,7,5.92454678500614,3.23636125798634
55.3252272222222,11.3946166666667,"103a",106,151,2,7.03711435416863,0.0262727984452208
55.3248411111111,11.3945963888889,"111b",211,338,1,16.4642911237529,0.699493280458251
55.3245947222222,11.3945816666667,"204a",1,136,0,6.02666277185031,0
55.3245288888889,11.3945780555556,"205b",1,238,1,17.0235685566361,0.0941247285431026
55.325135,11.394615,"105a",110,127,0,6.91497104459761,0
55.3243963888889,11.3945719444444,"208b",1,57,5,1.87149122289365,0.117287083372675
55.3252897222222,11.3946277777778,"101b",103,240,0,10.1610201664936,0
55.3245502777778,11.3945838888889,"205a",1,210,5,9.94959606033425,1.81631465788563
55.3249094444445,11.3946055555556,"110a",208,191,1,10.3016294298618,0.0704091327542253
55.3250227777778,11.3946125,"107b",203,85,3,5.50489507600793,0.0669298618323734
55.3242377777778,11.3945652777778,"212a",1,63,9,3.17409091445567,1.11980887860762
55.3242177777778,11.3945641666667,"212b",1,36,13,1.32474162417776,4.08221750778963
55.3248863888889,11.3946047222222,"110b",209,147,3,7.46925701460359,1.14299582192428
55.3251819444444,11.3946230555556,"104a",108,118,1,7.06229296493878,0.0495703899537343
55.3244158333333,11.3945769444444,"208a",1,107,2,5.00895758584333,0.179520544172725
55.3247277777778,11.3945966666667,"201a",1,226,2,14.6891375932395,0.085543346552104
55.3247972222222,11.3946036111111,"112b",212,276,1,14.3817446220061,0.0511440531268687
55.3246394444444,11.3945952777778,"203a",1,44,9,6.18142270953325,3.38102762172285
55.3245722222222,11.3945913888889,"204b",1,122,4,7.57474162417776,1.45592120275076
55.3243269444445,11.3945769444444,"210a",1,84,11,2.66206025949706,1.80040590674472
55.3243730555556,11.39458,"209a",1,99,8,3.56454379504611,0.238680444087747
55.3246169444445,11.3945952777778,"203b",1,21,7,1.84745597677273,8.03384556069619
55.3250022222222,11.3946202777778,"108a",204,144,1,8.79632225081044,0.0344238819123155
55.3252475,11.3946352777778,"102b",105,188,2,13.1620450146351,1.394695869921
55.3242838888889,11.3945794444444,"211a",1,83,3,2.39041894847827,0.594770913983571
55.3251577777778,11.3946325,"104b",109,91,0,3.75152694504768,0
55.3249322222222,11.3946191666667,"109b",207,174,2,8.12270835300412,0.0568854648601013
55.3250458333333,11.3946297222222,"107a",202,74,0,2.98409567478677,0
55.3243058333333,11.3945869444444,"210b",1,68,5,3.84214781418185,0.152313383218456
55.3248630555556,11.3946205555556,"111a",210,229,2,12.7125920592956,0.184081708526107
55.3242602777778,11.3945844444444,"211b",1,139,6,6.97897487646744,0.227578742171026
55.32446,11.3945975,"207a",1,142,5,7.42712464199163,2.43809602492682
55.3245052777778,11.3946008333333,"206a",1,208,2,15.5147083412016,0.992096276712932
55.3244816666667,11.3946,"206b",1,244,2,13.291220631511,0.937706543291474
55.3246619444444,11.3946113888889,"202b",1,158,3,7.23580162402039,0.134031843074308
55.3250663888889,11.3946361111111,"106b",201,7,12,0.0775397940074906,11.1800408365593
55.3252683333333,11.3946483333333,"102a",104,334,0,18.2445713538224,0
55.3249569444444,11.3946297222222,"109a",206,271,2,16.2154433402575,1.71154311443679
55.3251138888889,11.39464,"105b",111,101,0,4.9207095057124,0
55.3243488888889,11.3945944444444,"209b",1,86,5,3.41809476599629,2.13596498992856
55.3247058333333,11.3946166666667,"201b",1,159,5,10.4724333553646,2.52254518380386
55.3250911111111,11.39464,"106a",112,100,1,5.10407814811318,0.00590123689925408
55.3252002777778,11.3946472222222,"103b",107,116,2,9.08354036839455,0.0228918814716898
55.3249788888889,11.3946341666667,"108b",205,216,1,14.4122958172033,1.0041323411387
55.3246841666667,11.3946166666667,"202a",1,208,1,10.0271358543417,1.88212574355585
55.3248186111111,11.394625,"112a",212,338,3,17.5957549452365,0.238705032574828
55.3252269444445,11.39465,"103a",106,170,2,10.6115673095081,0.0242811309917225
55.3244405555556,11.3946027777778,"207b",1,175,2,8.58672998693859,4.70574465741353
55.3248411111111,11.3946302777778,"111b",211,327,3,16.0283372478205,1.61771344773865
55.3245947222222,11.3946155555556,"204a",1,114,0,5.42079015595002,0
55.3245288888889,11.3946119444444,"205b",1,126,5,8.12842517625027,4.25718918185252
55.325135,11.3946488888889,"105a",110,141,0,7.21779055723413,0
55.3243963888889,11.3946061111111,"208b",1,225,4,14.0037826928524,1.11346504894092
55.32529,11.3946611111111,"101b",103,187,6,7.14494716425896,1.64515419932018
55.3250225,11.3946461111111,"107b",203,122,0,6.79008611871715,0
55.3245502777778,11.3946177777778,"205a",1,141,1,9.15316266956221,1.05085046659113
55.3249094444444,11.3946394444444,"110a",208,189,1,9.869831008246,0.102349577471438
55.3242177777778,11.3945980555556,"212b",1,55,3,2.28355738362761,2.92621437619992
55.3251813888889,11.3946563888889,"104a",108,156,3,8.13806386318572,1.60913206574765
55.3248863888889,11.3946386111111,"110b",209,223,1,10.6936436793819,0.0146301498127341
55.3242377777778,11.3946,"212a",1,81,8,2.44178429798886,1.94997767365373
55.3244161111111,11.3946111111111,"208a",1,191,4,11.2923241628112,1.86240577691751
55.3247280555556,11.3946302777778,"201a",1,236,6,12.2325264375413,2.04214761747396
55.3247972222222,11.3946375,"112b",212,238,4,14.8944760488465,0.178512416202436
55.3246394444444,11.3946291666667,"203a",1,32,5,2.15697585213861,6.82074796210619
55.3245725,11.3946252777778,"204b",1,103,0,5.48518740361313,0
55.3243269444445,11.3946111111111,"210a",1,141,10,5.47364310892896,0.342259445913197
55.3243730555556,11.3946141666667,"209a",1,192,5,10.7204328360558,1.39183131117616
55.3246169444444,11.3946288888889,"203b",1,35,4,2.68881253344034,3.9391985726875
55.3250019444444,11.3946541666667,"108a",204,203,1,16.1310433583546,0.0100812797028924
55.3242841666667,11.3946133333333,"211a",1,180,3,8.02807956047588,0.198748741069461
55.3249322222222,11.3946525,"109b",207,276,1,18.863242277248,0.0103271645736946
55.3250458333333,11.3946638888889,"107a",202,121,0,5.36769131810027,0
55.3248630555556,11.3946544444444,"111a",210,384,3,25.2441022054889,1.91048856340289
55.3243055555556,11.3946211111111,"210b",1,192,2,9.2806293865861,0.192331145941523
55.3242602777778,11.3946186111111,"211b",1,193,5,8.19401496553678,0.917716103295251
55.3244597222222,11.3946311111111,"207a",1,174,1,8.94275898561672,0.036882730620338
55.3245055555556,11.3946344444444,"206a",1,194,2,9.59563249457086,0.320277338463475
55.3244816666667,11.3946338888889,"206b",1,109,0,4.69690509630819,0
55.3246619444444,11.3946452777778,"202b",1,188,1,12.8100485278381,3.02715011566424
55.3249569444444,11.3946636111111,"109a",206,261,1,14.8280502509993,0.114951177100054
55.3243488888889,11.3946286111111,"209b",1,138,1,7.36555507034274,0.0144826188902527
55.3247058333333,11.3946502777778,"201b",1,272,2,32.380972051742,0.124663629496743
55.3248188888889,11.3946586111111,"112a",212,411,2,23.7693585158783,0.0220066959368017
55.3246838888889,11.3946505555556,"202a",1,209,2,13.931025359582,0.0849778113492588
55.3244405555556,11.3946369444444,"207b",1,234,1,11.2747679830359,0.763964293582602
55.3245944444444,11.3946494444444,"204a",1,164,0,11.4827742894911,0
55.3245288888889,11.3946466666667,"205b",1,178,5,10.7236170451327,2.64159034400277
55.3243963888889,11.3946402777778,"208b",1,142,0,4.75935985349196,0
55.3245502777778,11.3946519444444,"205a",1,138,1,5.99404614373839,0.446428571428571
55.3242177777778,11.3946325,"212b",1,52,5,1.00236197006893,3.6836750149498
55.3247283333333,11.3946633333333,"201a",1,359,1,22.1600420364775,2.04552853444749
55.3244163888889,11.3946447222222,"208a",1,137,2,6.28605901630315,0.651558024895351
55.3242377777778,11.3946341666667,"212a",1,50,6,1.98955284360935,1.28418291473893
55.3246394444444,11.3946627777778,"203a",1,57,7,6.05062425250999,11.201863118843
55.3245725,11.3946591666667,"204b",1,146,0,9.32676968259214,0
55.3243269444445,11.394645,"210a",1,122,4,6.41516086771787,5.77433571743304
55.3246169444444,11.3946627777778,"203b",1,48,11,4.22570362414629,7.37251361218645
55.3243730555556,11.3946483333333,"209a",1,104,6,3.99846912079439,0.331440511597898
55.3242838888889,11.3946472222222,"211a",1,137,3,5.3837598944072,0.155817242627388
55.3243058333333,11.394655,"210b",1,130,2,7.11560080492871,1.99700315519466
55.3242602777778,11.3946527777778,"211b",1,176,4,6.21769072797658,0.297729695810909
55.3244597222222,11.394665,"207a",1,186,2,11.3325263391874,1.30019001982816
55.3245058333333,11.3946683333333,"206a",1,213,2,9.57834678815346,0.126876593333963
55.3244819444444,11.3946675,"206b",1,172,2,8.73149470462342,1.42400534652063
55.3243486111111,11.3946625,"209b",1,157,21,10.2723199532622,4.32738931246656
55.3244405555556,11.3946702777778,"207b",1,205,1,9.7872013974129,0.0172857064173984
55.3243963888889,11.3946738888889,"208b",1,142,3,5.11489708242848,1.32431132565386
55.3242177777778,11.3946663888889,"212b",1,46,6,1.22983006404809,6.88976784534038
55.3242377777778,11.3946686111111,"212a",1,64,8,2.53207322254745,8.97854752856199
